Sort,CASE,DECISION,TARJCASE,COMPANY,PERMNO,COUNTRY,PRODUCT,CERTAIN,DATES,EVENT,NP,ACQ,JV,PE,Semicon,steel92,event_date,event_order
10.0,731012,A,1.0,SCM CORP.,20474,JAPAN,Portable Electric Typewriters,1.0,861007,TARJ,1,0,0,0,0.0,0.0,1986-10-07,
47.0,731089,N,1.0,BETHLEHEM STEEL CORP.,10786,UK,Concrete Steel Wire Strand,1.0,840306,TARJ,0,1,0,0,0.0,0.0,1984-03-06,
48.0,731089,N,1.0,ARMCO,17566,UK,Concrete Steel Wire Strand,1.0,840306,TARJ,0,1,0,0,0.0,0.0,1984-03-06,
154.0,731095,A,1.0,COLT INDUSTRIES,11332,FRANCE,Stainless Steel Sheet and Strip,1.0,900313,TARJ,0,1,0,0,0.0,0.0,1990-03-13,
155.0,731095,A,1.0,REPUBLIC STEEL,14189,FRANCE,Stainless Steel Sheet and Strip,1.0,900313,TARJ,0,1,0,0,0.0,0.0,1990-03-13,
156.0,731095,A,1.0,ARMCO,17566,FRANCE,Stainless Steel Sheet and Strip,1.0,900313,TARJ,0,1,0,0,0.0,0.0,1990-03-13,
157.0,731095,A,1.0,EASTERN STAINLESS STEEL,18251,FRANCE,Stainless Steel Sheet and Strip,1.0,900313,TARJ,0,1,0,0,0.0,0.0,1990-03-13,
158.0,731095,A,1.0,CYCLOPS CORP,20589,FRANCE,Stainless Steel Sheet and Strip,1.0,900313,TARJ,0,1,0,0,0.0,0.0,1990-03-13,
159.0,731095,A,1.0,CARPENTER TECHNLOGY CORP,20618,FRANCE,Stainless Steel Sheet and Strip,1.0,900313,TARJ,0,1,0,0,0.0,0.0,1990-03-13,
160.0,731095,A,1.0,ALLEGHENY LUDLUM,18817,FRANCE,Stainless Steel Sheet and Strip,1.0,900313,TARJ,0,1,0,0,0.0,0.0,1990-03-13,
161.0,731095,A,1.0,JONES & LAUGHLIN STEEL,21530,FRANCE,Stainless Steel Sheet and Strip,1.0,900313,TARJ,0,1,0,0,0.0,0.0,1990-03-13,
162.0,731095,A,1.0,JESSUP STEEL,45305,FRANCE,Stainless Steel Sheet and Strip,1.0,900313,TARJ,0,1,0,0,0.0,0.0,1990-03-13,
163.0,731095,A,1.0,WASHINGTON STEEL,45727,FRANCE,Stainless Steel Sheet and Strip,1.0,900313,TARJ,0,1,0,0,0.0,0.0,1990-03-13,
216.0,731102,A,1.0,MOTOROLA INC,22779,JAPAN,Radio Pagers,1.0,830107,TARJ,1,0,0,0,0.0,0.0,1983-01-07,
220.0,731102,A,1.0,MOTOROLA INC,22779,JAPAN,Radio Pagers,1.0,830920,TARJ,1,0,0,0,0.0,0.0,1983-09-20,
221.0,731102,A,1.0,MOTOROLA INC,22779,JAPAN,Radio Pagers,1.0,840521,TARJ,1,0,0,0,0.0,0.0,1984-05-21,
273.0,731134,A,1.0,OWENS ILINOIS,13661,KOREA,Color TV Receivers,1.0,831227,TARJ,1,0,0,0,0.0,0.0,1983-12-27,
274.0,731134,A,1.0,CORNING GLASS WORKS,22293,KOREA,Color TV Receivers,0.0,831227,TARJ,1,0,0,0,0.0,0.0,1983-12-27,
275.0,731134,A,1.0,WELLS-GARDNER ELECTRIC CORP.,63829,KOREA,Color TV Receivers,0.0,831227,TARJ,1,0,0,0,0.0,0.0,1983-12-27,
320.0,731207,A,1.0,MOTOROLA INC.,22779,JAPAN,Cellular Mobile Telephones,1.0,830903,TARJ,0,0,1,0,0.0,0.0,1983-09-03,
321.0,731207,A,1.0,MOTOROLA INC.,22779,JAPAN,Cellular Mobile Telephones,1.0,840509,TARJ,1,0,0,0,0.0,0.0,1984-05-09,
322.0,731207,A,1.0,MOTOROLA INC.,22779,JAPAN,Cellular Mobile Telephones,1.0,840521,TARJ,1,0,0,0,0.0,0.0,1984-05-21,
323.0,731207,A,1.0,MOTOROLA INC.,22779,JAPAN,Cellular Mobile Telephones,1.0,841002,TARJ,1,0,0,0,0.0,0.0,1984-10-02,
329.0,731207,A,1.0,MOTOROLA INC.,22779,JAPAN,Cellular Mobile Telephones,1.0,860215,TARJ,1,0,0,0,0.0,0.0,1986-02-15,
366.0,731270,A,1.0,MICRON TECHNOLOGY,53613,JAPAN,64k DRAMs,1.0,840125,TARJ,1,0,0,0,1.0,0.0,1984-01-25,
370.0,731270,A,1.0,MICRON TECHNOLOGY,53613,JAPAN,64k DRAMs,1.0,860421,TARJ,0,0,0,1,1.0,0.0,1986-04-21,
373.0,731270,A,1.0,MICRON TECHNOLOGY,53613,JAPAN,64k DRAMs,1.0,881028,TARJ,1,0,0,0,1.0,0.0,1988-10-28,
374.0,731270,A,1.0,MICRON TECHNOLOGY,53613,JAPAN,64k DRAMs,1.0,890614,TARJ,1,0,0,0,1.0,0.0,1989-06-14,
397.0,731288,S,1.0,NATIONAL SEMICONDUCTOR CORP.,51377,JAPAN,EPROMS,1.0,930628,TARJ,1,0,0,0,1.0,0.0,1993-06-28,
398.0,731288,S,1.0,INTEL CORP,59328,JAPAN,EPROMS,1.0,930628,TARJ,1,0,0,0,1.0,0.0,1993-06-28,
399.0,731288,S,1.0,ADVANCED MICRO DEVICES,61241,JAPAN,EPROMS,1.0,930628,TARJ,1,0,0,0,1.0,0.0,1993-06-28,
418.0,731300,S,1.0,DOC INITIATED - NSI,51377,JAPAN,256k and above DRAMs,1.0,851021,TARJ,0,1,0,0,1.0,0.0,1985-10-21,
419.0,731300,S,1.0,DOC INITIATED - INTEL,59328,JAPAN,256k and above DRAMs,1.0,851021,TARJ,0,1,0,0,1.0,0.0,1985-10-21,
420.0,731300,S,1.0,DOC INITIATED - AMD,61241,JAPAN,256k and above DRAMs,1.0,851021,TARJ,0,1,0,0,1.0,0.0,1985-10-21,
430.0,731300,S,1.0,DOC INITIATED - NSI,51377,JAPAN,256k and above DRAMs,1.0,860421,TARJ,0,0,0,1,1.0,0.0,1986-04-21,
431.0,731300,S,1.0,DOC INITIATED - INTEL,59328,JAPAN,256k and above DRAMs,1.0,860421,TARJ,0,0,0,1,1.0,0.0,1986-04-21,
432.0,731300,S,1.0,DOC INITIATED - AMD,61241,JAPAN,256k and above DRAMs,1.0,860421,TARJ,0,0,0,1,1.0,0.0,1986-04-21,
433.0,731300,S,1.0,DOC INITIATED - NSI,51377,JAPAN,256k and above DRAMs,1.0,860503,TARJ,0,0,0,1,1.0,0.0,1986-05-03,
434.0,731300,S,1.0,DOC INITIATED - INTEL,59328,JAPAN,256k and above DRAMs,1.0,860503,TARJ,0,0,0,1,1.0,0.0,1986-05-03,
435.0,731300,S,1.0,DOC INITIATED - AMD,61241,JAPAN,256k and above DRAMs,1.0,860503,TARJ,0,0,0,1,1.0,0.0,1986-05-03,
436.0,731300,S,1.0,DOC INITIATED - NSI,51377,JAPAN,256k and above DRAMs,1.0,860611,TARJ,0,0,0,1,1.0,0.0,1986-06-11,
437.0,731300,S,1.0,DOC INITIATED - INTEL,59328,JAPAN,256k and above DRAMs,1.0,860611,TARJ,0,0,0,1,1.0,0.0,1986-06-11,
438.0,731300,S,1.0,DOC INITIATED - AMD,61241,JAPAN,256k and above DRAMs,1.0,860611,TARJ,0,0,0,1,1.0,0.0,1986-06-11,
442.0,731300,S,1.0,DOC INITIATED - NSI,51377,JAPAN,256k and above DRAMs,1.0,860809,TARJ,1,0,0,0,1.0,0.0,1986-08-09,
443.0,731300,S,1.0,DOC INITIATED - INTEL,59328,JAPAN,256k and above DRAMs,1.0,860809,TARJ,1,0,0,0,1.0,0.0,1986-08-09,
444.0,731300,S,1.0,DOC INITIATED - AMD,61241,JAPAN,256k and above DRAMs,1.0,860809,TARJ,1,0,0,0,1.0,0.0,1986-08-09,
445.0,731300,S,1.0,DOC INITIATED - NSI,51377,JAPAN,256k and above DRAMs,1.0,861120,TARJ,0,0,0,1,1.0,0.0,1986-11-20,
446.0,731300,S,1.0,DOC INITIATED - INTEL,59328,JAPAN,256k and above DRAMs,1.0,861120,TARJ,0,0,0,1,1.0,0.0,1986-11-20,
447.0,731300,S,1.0,DOC INITIATED - AMD,61241,JAPAN,256k and above DRAMs,1.0,861120,TARJ,0,0,0,1,1.0,0.0,1986-11-20,
448.0,731300,S,1.0,DOC INITIATED - NSI,51377,JAPAN,256k and above DRAMs,1.0,870612,TARJ,0,0,0,1,1.0,0.0,1987-06-12,
449.0,731300,S,1.0,DOC INITIATED - INTEL,59328,JAPAN,256k and above DRAMs,1.0,870612,TARJ,0,0,0,1,1.0,0.0,1987-06-12,
450.0,731300,S,1.0,DOC INITIATED - AMD,61241,JAPAN,256k and above DRAMs,1.0,870612,TARJ,0,0,0,1,1.0,0.0,1987-06-12,
451.0,731300,S,1.0,DOC INITIATED - NSI,51377,JAPAN,256k and above DRAMs,1.0,870912,TARJ,1,0,0,0,1.0,0.0,1987-09-12,
452.0,731300,S,1.0,DOC INITIATED - INTEL,59328,JAPAN,256k and above DRAMs,1.0,870912,TARJ,1,0,0,0,1.0,0.0,1987-09-12,
453.0,731300,S,1.0,DOC INITIATED - AMD,61241,JAPAN,256k and above DRAMs,1.0,870912,TARJ,1,0,0,0,1.0,0.0,1987-09-12,
454.0,731300,S,1.0,DOC INITIATED - NSI,51377,JAPAN,256k and above DRAMs,1.0,880316,TARJ,0,0,0,1,1.0,0.0,1988-03-16,
455.0,731300,S,1.0,DOC INITIATED - INTEL,59328,JAPAN,256k and above DRAMs,1.0,880316,TARJ,0,0,0,1,1.0,0.0,1988-03-16,
456.0,731300,S,1.0,DOC INITIATED - AMD,61241,JAPAN,256k and above DRAMs,1.0,880316,TARJ,0,0,0,1,1.0,0.0,1988-03-16,
457.0,731300,S,1.0,DOC INITIATED - NSI,51377,JAPAN,256k and above DRAMs,1.0,910219,TARJ,1,0,0,0,1.0,0.0,1991-02-19,
458.0,731300,S,1.0,DOC INITIATED - INTEL,59328,JAPAN,256k and above DRAMs,1.0,910219,TARJ,1,0,0,0,1.0,0.0,1991-02-19,
459.0,731300,S,1.0,DOC INITIATED - AMD,61241,JAPAN,256k and above DRAMs,1.0,910219,TARJ,1,0,0,0,1.0,0.0,1991-02-19,
505.0,731343,A,1.0,TIMKEN CO.,14795,ITALY ,Tapered Roller Bearings,1.0,860317,TARJ,0,1,0,0,0.0,0.0,1986-03-17,
508.0,731343,A,1.0,TIMKEN CO.,14795,JAPAN,Tapered Roller Bearings,1.0,870117,TARJ,0,1,0,0,0.0,0.0,1987-01-17,
512.0,731343,A,1.0,TIMKEN CO.,14795,JAPAN,Tapered Roller Bearings,1.0,871014,TARJ,1,0,0,0,0.0,0.0,1987-10-14,
537.0,731352,N,1.0,WYMAN-GORDON,83687,JAPAN,Forged Steel Crankshafts,1.0,900510,TARJ,1,0,0,0,0.0,0.0,1990-05-10,
554.0,731354,A,1.0,ARMCO-SPECIALTY STEEL DIV.,17566,SWEDEN,Stainless Steel Pipe,1.0,920518,TARJ,0,0,1,0,0.0,0.0,1992-05-18,
555.0,731354,A,1.0,CARPENTER TECHNOLOGY CORP>,20618,SWEDEN,Stainless Steel Pipe,1.0,920518,TARJ,0,0,1,0,0.0,0.0,1992-05-18,
556.0,731354,A,1.0,ALLEGHENY LUDLUM,18817,SWEDEN,Stainless Steel Pipe,1.0,920518,TARJ,0,0,1,0,0.0,0.0,1992-05-18,
587.0,731368,A,1.0,ZENITH ELECTRONICS CORP.,18067,JAPAN,Color Picture Tubes,1.0,841212,TARJ,1,0,0,0,0.0,0.0,1984-12-12,
593.0,731368,A,1.0,ZENITH ELECTRONICS CORP.,18067,JAPAN,Color Picture Tubes,1.0,871226,TARJ,1,0,0,0,0.0,0.0,1987-12-26,
594.0,731368,A,1.0,ZENITH ELECTRONICS CORP.,18067,JAPAN,Color Picture Tubes,1.0,891211,TARJ,1,0,0,0,0.0,0.0,1989-12-11,
599.0,731377,A,1.0,UNIONS from CATERPILLAR,18542,JAPAN,Forklifts,1.0,870613,TARJ,1,0,0,0,0.0,0.0,1987-06-13,
601.0,731377,A,1.0,UNIONS from CATERPILLAR,18542,JAPAN,Forklifts,1.0,871212,TARJ,1,0,0,0,0.0,0.0,1987-12-12,
604.0,731377,A,1.0,UNIONS from CATERPILLAR,18542,JAPAN,Forklifts,1.0,881006,TARJ,0,0,1,0,0.0,0.0,1988-10-06,
605.0,731377,A,1.0,UNIONS from CATERPILLAR,18542,JAPAN,Forklifts,1.0,881014,TARJ,1,0,0,0,0.0,0.0,1988-10-14,
606.0,731377,A,1.0,UNIONS from CATERPILLAR,18542,JAPAN,Forklifts,1.0,891006,TARJ,0,1,0,0,0.0,0.0,1989-10-06,
607.0,731377,A,1.0,UNIONS from CATERPILLAR,18542,JAPAN,Forklifts,1.0,911228,TARJ,0,0,1,0,0.0,0.0,1991-12-28,
648.0,731388,N,1.0,POLARIS INDUSTRIES (MPLS),75182,JAPAN,All-terrain Vehicles,1.0,860910,TARJ,1,0,0,0,0.0,0.0,1986-09-10,
656.0,731389,A,1.0,VERBATIM (SUBSIDIARY OF EASTMAN KODAK SINCE 1985),11754,JAPAN,3.5 Inch Floppy Disks,1.0,880405,TARJ,1,0,0,0,0.0,0.0,1988-04-05,
657.0,731389,A,1.0,VERBATIM (SUBSIDIARY OF EASTMAN KODAK SINCE 1985),11754,JAPAN,3.5 Inch Floppy Disks,1.0,880914,TARJ,1,0,0,0,0.0,0.0,1988-09-14,
660.0,731389,A,1.0,VERBATIM (SUBSIDIARY OF EASTMAN KODAK SINCE 1985),11754,JAPAN,3.5 Inch Floppy Disks,1.0,890308,TARJ,0,0,1,0,0.0,0.0,1989-03-08,
662.0,731391,A,1.0,"TORRINGTON, SUBSID. OF INGERSOLL RAND",12431,GERMANY,Antifriction Ball Bearings,1.0,880201,TARJ,1,0,0,0,0.0,0.0,1988-02-01,
666.0,731391,A,1.0,"TORRINGTON, SUBSID. OF INGERSOLL RAND",12431,JAPAN,Antifriction Ball Bearings,1.0,890311,TARJ,1,0,0,0,0.0,0.0,1989-03-11,
668.0,731391,A,1.0,"TORRINGTON, SUBSID. OF INGERSOLL RAND",12431,JAPAN,Antifriction Ball Bearings,1.0,890405,TARJ,0,1,0,0,0.0,0.0,1989-04-05,
670.0,731391,A,1.0,"TORRINGTON, SUBSID. OF INGERSOLL RAND",12431,GERMANY,Antifriction Ball Bearings,1.0,900917,TARJ,0,1,0,0,0.0,0.0,1990-09-17,
680.0,731426,A,1.0,AT&T CORP.,10401,JAPAN,Small Business Telephones,1.0,890703,TARJ,1,0,0,0,0.0,0.0,1989-07-03,
681.0,731426,A,1.0,COMDIAL CORP.,25073,JAPAN,Small Business Telephones,1.0,890703,TARJ,1,0,0,0,0.0,0.0,1989-07-03,
682.0,731426,A,1.0,AT&T CORP.,10401,JAPAN,Small Business Telephones,1.0,890724,TARJ,1,0,0,0,0.0,0.0,1989-07-24,
683.0,731426,A,1.0,COMDIAL CORP.,25073,JAPAN,Small Business Telephones,1.0,890724,TARJ,1,0,0,0,0.0,0.0,1989-07-24,
690.0,731429,A,1.0,"VERSON DIV. OF ALLIED PRODUCTS CORP, UAW, UNITED STEELWORKERS",26331,JAPAN,Mechanical Transfer Presses,1.0,860728,TARJ,0,1,0,0,0.0,0.0,1986-07-28,
716.0,731451,A,1.0,IDEAL BASIC INDUSTRIES,26286,MEXICO,Portland Cement,1.0,941031,TARJ,0,1,0,0,0.0,0.0,1994-10-31,
717.0,731451,A,1.0,TEXAS INDUSTRIES,40694,MEXICO,Portland Cement,1.0,941031,TARJ,0,1,0,0,0.0,0.0,1994-10-31,
723.0,731458,A,1.0,"DUPONT DE NEMOURS & CO., HOECHST CELANESE CORP., ICI AMERICAS INC.",11703,JAPAN,Polyethylene Teraphthalate (PET) Film,1.0,910924,TARJ,0,0,1,0,0.0,0.0,1991-09-24,
739.0,731490,N,1.0,CHAMPION INTERNATIONAL,21397,GERMANY,Coated Groundwood Paper,1.0,890503,TARJ,0,0,1,0,0.0,0.0,1989-05-03,
740.0,731490,N,1.0,INTERNATIONAL PAPER,21573,GERMANY,Coated Groundwood Paper,1.0,890503,TARJ,0,0,1,0,0.0,0.0,1989-05-03,
741.0,731490,N,1.0,CONSOLIDATED PAPERS,26586,GERMANY,Coated Groundwood Paper,1.0,890503,TARJ,0,0,1,0,0.0,0.0,1989-05-03,
742.0,731490,N,1.0,BOISE CASCADE,42024,GERMANY,Coated Groundwood Paper,1.0,890503,TARJ,0,0,1,0,0.0,0.0,1989-05-03,
743.0,731490,N,1.0,BOWATER INC,66130,GERMANY,Coated Groundwood Paper,1.0,890503,TARJ,0,0,1,0,0.0,0.0,1989-05-03,
794.0,731522,N,1.0,CHRYSLER MOTOR CORP.,11260,JAPAN,Minivans,1.0,960920,TARJ,1,0,0,0,0.0,0.0,1996-09-20,
795.0,731522,N,1.0,FORD MOTOR CO.,25785,JAPAN,Minivans,1.0,960920,TARJ,1,0,0,0,0.0,0.0,1996-09-20,
796.0,731522,N,1.0,GENERAL MOTORS CORP,68451,JAPAN,Minivans,1.0,960920,TARJ,1,0,0,0,0.0,0.0,1996-09-20,
832.0,731556,A,1.0,MICRON TECHNOLOGY (ID),53613,KOREA,DRAMS,1.0,950108,TARJ,1,0,0,0,1.0,0.0,1995-01-08,
833.0,731556,A,1.0,MICRON TECHNOLOGY (ID),53613,KOREA,DRAMS,1.0,950308,TARJ,1,0,0,0,1.0,0.0,1995-03-08,
834.0,731556,A,1.0,MICRON TECHNOLOGY (ID),53613,KOREA,DRAMS,1.0,950522,TARJ,1,0,0,0,1.0,0.0,1995-05-22,
845.0,731557,N,1.0,BETHLEHEM STEEL CORP.,10786,JAPAN,Steel Rails,1.0,940713,TARJ,0,1,0,0,0.0,0.0,1994-07-13,
846.0,731557,N,1.0,CF & I STEEL CORP.,86239,JAPAN,Steel Rails,1.0,940713,TARJ,0,1,0,0,0.0,0.0,1994-07-13,
848.0,731571,A (partly),1.0,BLACK & DECKER,20220,JAPAN,Professional Electric Sanding/Grinding Tools,1.0,920707,TARJ,1,0,0,0,0.0,0.0,1992-07-07,
867.0,731575,N,1.0,BETHLEHEM STEEL CORP.,10786,CANADA,Hot-Rolled Carbon Steel Sheet ,1.0,921121,TARJ,1,0,0,0,0.0,1.0,1992-11-21,
868.0,731575,N,1.0,ARMCO STEEL CO.,17566,CANADA,Hot-Rolled Carbon Steel Sheet ,1.0,921121,TARJ,1,0,0,0,0.0,1.0,1992-11-21,
869.0,731575,N,1.0,LUKENS STEEL CO.,22373,CANADA,Hot-Rolled Carbon Steel Sheet ,1.0,921121,TARJ,1,0,0,0,0.0,1.0,1992-11-21,
870.0,731575,N,1.0,LACLEDE STEEL,48363,CANADA,Hot-Rolled Carbon Steel Sheet ,1.0,921121,TARJ,1,0,0,0,0.0,1.0,1992-11-21,
871.0,731575,N,1.0,GENEVA STEEL,76116,CANADA,Hot-Rolled Carbon Steel Sheet ,1.0,921121,TARJ,1,0,0,0,0.0,1.0,1992-11-21,
872.0,731575,N,1.0,USX STEEL GROUP,76644,CANADA,Hot-Rolled Carbon Steel Sheet ,1.0,921121,TARJ,1,0,0,0,0.0,1.0,1992-11-21,
873.0,731575,N,1.0,LTV CORP,79335,CANADA,Hot-Rolled Carbon Steel Sheet ,1.0,921121,TARJ,1,0,0,0,0.0,1.0,1992-11-21,
881.0,731575,N,1.0,BETHLEHEM STEEL CORP.,10786,CANADA,Hot-Rolled Carbon Steel Sheet ,1.0,930311,TARJ,0,0,1,0,0.0,1.0,1993-03-11,
882.0,731575,N,1.0,ARMCO STEEL CO.,17566,CANADA,Hot-Rolled Carbon Steel Sheet ,1.0,930311,TARJ,0,0,1,0,0.0,1.0,1993-03-11,
883.0,731575,N,1.0,LUKENS STEEL CO.,22373,CANADA,Hot-Rolled Carbon Steel Sheet ,1.0,930311,TARJ,0,0,1,0,0.0,1.0,1993-03-11,
884.0,731575,N,1.0,LACLEDE STEEL,48363,CANADA,Hot-Rolled Carbon Steel Sheet ,1.0,930311,TARJ,0,0,1,0,0.0,1.0,1993-03-11,
885.0,731575,N,1.0,GENEVA STEEL,76116,CANADA,Hot-Rolled Carbon Steel Sheet ,1.0,930311,TARJ,0,0,1,0,0.0,1.0,1993-03-11,
886.0,731575,N,1.0,USX STEEL GROUP,76644,CANADA,Hot-Rolled Carbon Steel Sheet ,1.0,930311,TARJ,0,0,1,0,0.0,1.0,1993-03-11,
887.0,731575,N,1.0,LTV CORP,79335,CANADA,Hot-Rolled Carbon Steel Sheet ,1.0,930311,TARJ,0,0,1,0,0.0,1.0,1993-03-11,
902.0,731575,A,1.0,BETHLEHEM STEEL CORP.,10786,CANADA,Cut-To-Length Carbon Steel Plate,1.0,930921,TARJ,1,0,0,0,0.0,1.0,1993-09-21,
903.0,731575,A,1.0,ARMCO STEEL CO.,17566,CANADA,Cut-To-Length Carbon Steel Plate,1.0,930921,TARJ,1,0,0,0,0.0,1.0,1993-09-21,
904.0,731575,A,1.0,LUKENS STEEL CO.,22373,CANADA,Cut-To-Length Carbon Steel Plate,1.0,930921,TARJ,1,0,0,0,0.0,1.0,1993-09-21,
905.0,731575,A,1.0,LACLEDE STEEL,48363,CANADA,Cut-To-Length Carbon Steel Plate,1.0,930921,TARJ,1,0,0,0,0.0,1.0,1993-09-21,
906.0,731575,A,1.0,GENEVA STEEL,76116,CANADA,Cut-To-Length Carbon Steel Plate,1.0,930921,TARJ,1,0,0,0,0.0,1.0,1993-09-21,
907.0,731575,A,1.0,USX STEEL GROUP,76644,CANADA,Cut-To-Length Carbon Steel Plate,1.0,930921,TARJ,1,0,0,0,0.0,1.0,1993-09-21,
908.0,731575,A,1.0,LTV CORP,79335,CANADA,Cut-To-Length Carbon Steel Plate,1.0,930921,TARJ,1,0,0,0,0.0,1.0,1993-09-21,
909.0,731575,N,1.0,BETHLEHEM STEEL CORP.,10786,UK,Cut-To-Length Carbon Steel Plate,1.0,941013,TARJ,0,1,0,0,0.0,1.0,1994-10-13,
910.0,731575,N,1.0,ARMCO STEEL CO.,17566,UK,Cut-To-Length Carbon Steel Plate,1.0,941013,TARJ,0,1,0,0,0.0,1.0,1994-10-13,
911.0,731575,N,1.0,LUKENS STEEL CO.,22373,UK,Cut-To-Length Carbon Steel Plate,1.0,941013,TARJ,0,1,0,0,0.0,1.0,1994-10-13,
912.0,731575,N,1.0,LACLEDE STEEL,48363,UK,Cut-To-Length Carbon Steel Plate,1.0,941013,TARJ,0,1,0,0,0.0,1.0,1994-10-13,
913.0,731575,N,1.0,GENEVA STEEL,76116,UK,Cut-To-Length Carbon Steel Plate,1.0,941013,TARJ,0,1,0,0,0.0,1.0,1994-10-13,
914.0,731575,N,1.0,USX STEEL GROUP,76644,UK,Cut-To-Length Carbon Steel Plate,1.0,941013,TARJ,0,1,0,0,0.0,1.0,1994-10-13,
915.0,731575,N,1.0,LTV CORP,79335,UK,Cut-To-Length Carbon Steel Plate,1.0,941013,TARJ,0,1,0,0,0.0,1.0,1994-10-13,
916.0,731575,A,1.0,BETHLEHEM STEEL CORP.,10786,AUSTRALIA,Corrosion-resistant carbon steel sheet,1.0,941112,TARJ,0,0,1,0,0.0,1.0,1994-11-12,
917.0,731575,A,1.0,ARMCO STEEL CO.,17566,AUSTRALIA,Corrosion-resistant carbon steel sheet,1.0,941112,TARJ,0,0,1,0,0.0,1.0,1994-11-12,
918.0,731575,A,1.0,LUKENS STEEL CO.,22373,AUSTRALIA,Corrosion-resistant carbon steel sheet,1.0,941112,TARJ,0,0,1,0,0.0,1.0,1994-11-12,
919.0,731575,A,1.0,LACLEDE STEEL,48363,AUSTRALIA,Corrosion-resistant carbon steel sheet,1.0,941112,TARJ,0,0,1,0,0.0,1.0,1994-11-12,
920.0,731575,A,1.0,GENEVA STEEL,76116,AUSTRALIA,Corrosion-resistant carbon steel sheet,1.0,941112,TARJ,0,0,1,0,0.0,1.0,1994-11-12,
921.0,731575,A,1.0,USX STEEL GROUP,76644,AUSTRALIA,Corrosion-resistant carbon steel sheet,1.0,941112,TARJ,0,0,1,0,0.0,1.0,1994-11-12,
922.0,731575,A,1.0,LTV CORP,79335,AUSTRALIA,Corrosion-resistant carbon steel sheet,1.0,941112,TARJ,0,0,1,0,0.0,1.0,1994-11-12,
923.0,731575,N,1.0,BETHLEHEM STEEL CORP.,10786,JAPAN/UK,Cold-Rolled and Hot-Rolled Carbon Steel Sheet ,1.0,941219,TARJ,0,0,1,0,0.0,1.0,1994-12-19,
924.0,731575,N,1.0,ARMCO STEEL CO.,17566,JAPAN/UK,Cold-Rolled and Hot-Rolled Carbon Steel Sheet ,1.0,941219,TARJ,0,0,1,0,0.0,1.0,1994-12-19,
925.0,731575,N,1.0,LUKENS STEEL CO.,22373,JAPAN/UK,Cold-Rolled and Hot-Rolled Carbon Steel Sheet ,1.0,941219,TARJ,0,0,1,0,0.0,1.0,1994-12-19,
926.0,731575,N,1.0,LACLEDE STEEL,48363,JAPAN/UK,Cold-Rolled and Hot-Rolled Carbon Steel Sheet ,1.0,941219,TARJ,0,0,1,0,0.0,1.0,1994-12-19,
927.0,731575,N,1.0,GENEVA STEEL,76116,JAPAN/UK,Cold-Rolled and Hot-Rolled Carbon Steel Sheet ,1.0,941219,TARJ,0,0,1,0,0.0,1.0,1994-12-19,
928.0,731575,N,1.0,USX STEEL GROUP,76644,JAPAN/UK,Cold-Rolled and Hot-Rolled Carbon Steel Sheet ,1.0,941219,TARJ,0,0,1,0,0.0,1.0,1994-12-19,
929.0,731575,N,1.0,LTV CORP,79335,JAPAN/UK,Cold-Rolled and Hot-Rolled Carbon Steel Sheet ,1.0,941219,TARJ,0,0,1,0,0.0,1.0,1994-12-19,
930.0,731575,A,1.0,BETHLEHEM STEEL CORP.,10786,AUSTRALIA,Corrosion-resistant carbon steel sheet,1.0,950404,TARJ,1,0,0,0,0.0,1.0,1995-04-04,
931.0,731575,A,1.0,ARMCO STEEL CO.,17566,AUSTRALIA,Corrosion-resistant carbon steel sheet,1.0,950404,TARJ,1,0,0,0,0.0,1.0,1995-04-04,
932.0,731575,A,1.0,LUKENS STEEL CO.,22373,AUSTRALIA,Corrosion-resistant carbon steel sheet,1.0,950404,TARJ,1,0,0,0,0.0,1.0,1995-04-04,
933.0,731575,A,1.0,LACLEDE STEEL,48363,AUSTRALIA,Corrosion-resistant carbon steel sheet,1.0,950404,TARJ,1,0,0,0,0.0,1.0,1995-04-04,
934.0,731575,A,1.0,GENEVA STEEL,76116,AUSTRALIA,Corrosion-resistant carbon steel sheet,1.0,950404,TARJ,1,0,0,0,0.0,1.0,1995-04-04,
935.0,731575,A,1.0,USX STEEL GROUP,76644,AUSTRALIA,Corrosion-resistant carbon steel sheet,1.0,950404,TARJ,1,0,0,0,0.0,1.0,1995-04-04,
936.0,731575,A,1.0,LTV CORP,79335,AUSTRALIA,Corrosion-resistant carbon steel sheet,1.0,950404,TARJ,1,0,0,0,0.0,1.0,1995-04-04,
937.0,731575,A,1.0,BETHLEHEM STEEL CORP.,10786,CANADA,Cut-To-Length Carbon Steel Plate,1.0,980527,TARJ,1,0,0,0,0.0,1.0,1998-05-27,
938.0,731575,A,1.0,ARMCO STEEL CO.,17566,CANADA,Cut-To-Length Carbon Steel Plate,1.0,980527,TARJ,1,0,0,0,0.0,1.0,1998-05-27,
939.0,731575,A,1.0,LUKENS STEEL CO.,22373,CANADA,Cut-To-Length Carbon Steel Plate,1.0,980527,TARJ,1,0,0,0,0.0,1.0,1998-05-27,
940.0,731575,A,1.0,LACLEDE STEEL,48363,CANADA,Cut-To-Length Carbon Steel Plate,1.0,980527,TARJ,1,0,0,0,0.0,1.0,1998-05-27,
941.0,731575,A,1.0,GENEVA STEEL,76116,CANADA,Cut-To-Length Carbon Steel Plate,1.0,980527,TARJ,1,0,0,0,0.0,1.0,1998-05-27,
942.0,731575,A,1.0,USX STEEL GROUP,76644,CANADA,Cut-To-Length Carbon Steel Plate,1.0,980527,TARJ,1,0,0,0,0.0,1.0,1998-05-27,
943.0,731575,A,1.0,LTV CORP,79335,CANADA,Cut-To-Length Carbon Steel Plate,1.0,980527,TARJ,1,0,0,0,0.0,1.0,1998-05-27,
944.0,731575,A,1.0,BETHLEHEM STEEL CORP.,10786,CANADA,Cut-To-Length Carbon Steel Plate,1.0,980902,TARJ,0,0,1,0,0.0,1.0,1998-09-02,
945.0,731575,A,1.0,ARMCO STEEL CO.,17566,CANADA,Cut-To-Length Carbon Steel Plate,1.0,980902,TARJ,0,0,1,0,0.0,1.0,1998-09-02,
946.0,731575,A,1.0,LUKENS STEEL CO.,22373,CANADA,Cut-To-Length Carbon Steel Plate,1.0,980902,TARJ,0,0,1,0,0.0,1.0,1998-09-02,
947.0,731575,A,1.0,LACLEDE STEEL,48363,CANADA,Cut-To-Length Carbon Steel Plate,1.0,980902,TARJ,0,0,1,0,0.0,1.0,1998-09-02,
948.0,731575,A,1.0,GENEVA STEEL,76116,CANADA,Cut-To-Length Carbon Steel Plate,1.0,980902,TARJ,0,0,1,0,0.0,1.0,1998-09-02,
949.0,731575,A,1.0,USX STEEL GROUP,76644,CANADA,Cut-To-Length Carbon Steel Plate,1.0,980902,TARJ,0,0,1,0,0.0,1.0,1998-09-02,
950.0,731575,A,1.0,LTV CORP,79335,CANADA,Cut-To-Length Carbon Steel Plate,1.0,980902,TARJ,0,0,1,0,0.0,1.0,1998-09-02,
971.0,731622,N,1.0,"DUPONT DE MENOURS (DE), MORTON INTERNATIONAL INC. (CA), HERCULES INC. (DE)",11703,JAPAN,Dry Film Photoresist,1.0,960112,TARJ,1,0,0,0,0.0,0.0,1996-01-12,
972.0,731622,N,1.0,HERCULES INC.,18016,JAPAN,Dry Film Photoresist,1.0,960112,TARJ,1,0,0,0,0.0,0.0,1996-01-12,
973.0,731622,N,1.0,MORTON INTERNATIONAL INC.,75647,JAPAN,Dry Film Photoresist,1.0,960112,TARJ,1,0,0,0,0.0,0.0,1996-01-12,
993.0,731647,T,1.0,KEYSTONE CONSOLIDATED,19975,CANADA,Carbon Steel Wire Rod,1.0,970121,TARJ,0,0,0,1,0.0,0.0,1997-01-21,
1022.0,731661,S,1.0,EASTMAN KODAK,11754,JAPAN,Photo Paper and Chemicals,1.0,940204,TARJ,1,0,0,0,0.0,0.0,1994-02-04,
1094.0,731053-86,T,1.0,BETHLEHEM STEEL CORP.,10786,UK,Carbon steel products,1.0,850419,TARJ,0,1,0,0,0.0,0.0,1985-04-19,
1095.0,731053-86,T,1.0,U.S. STEEL CORP.,15069,UK,Carbon steel products,1.0,850419,TARJ,0,1,0,0,0.0,0.0,1985-04-19,
