EVENTS,,,,,,,Actual,FR,Actual,FR,Actual,FR,Actual,FR,,,,,,,,,,,,,,,,,,,,,,,,,,,,,,,,,,,,,,,,,,,,,,,,,,,,,,,,,,,,,,,,,,,,,,,,,,,,,,,,,,,,,,,,,,,,,,,,,,,,,,,,,,,,,,,,,,,,,,,,,,,,,,,,,,,,,,,,,,,,,,,,,,,,,,,,,,,,,,,,,,,,,,,,,,,,,,,,,,,,,,,,,,,,,,,,,,,,,,,,,,,,,,,,,,,,,,,,,,,,,,,,,,,,,,,,,,,,,,,,,
USTIC_case,Decision,Foreign Firms,Domestic Firms,Ticker Symbols of Domestic Firms,Foreign Country,Product,date_ini,date_ini,date_ITCp,date_ITCp,date_ITAf,date_ITAf,date_ITCf,date_ITCf,date_TarJ,,,,,,,,,,,,,,,,,,,,,,,,,,,,,,,,,,,,,,,,,,,,,,,,,,,,,,,,,,,,,,,,,,,,,,,,,,,,,,,,,,,,,,,,,,,,,,,,,,,,,,,,,,,,,,,,,,,,,,,,,,,,,,,,,,,,,,,,,,,,,,,,,,,,,,,,,,,,,,,,,,,,,,,,,,,,,,,,,,,,,,,,,,,,,,,,,,,,,,,,,,,,,,,,,,,,,,,,,,,,,,,,,,,,,,,,,,,,,,,,
,,,,,,,,,,,,,,,,,,,,,,,,,,,,,,,,,,,,,,,,,,,,,,,,,,,,,,,,,,,,,,,,,,,,,,,,,,,,,,,,,,,,,,,,,,,,,,,,,,,,,,,,,,,,,,,,,,,,,,,,,,,,,,,,,,,,,,,,,,,,,,,,,,,,,,,,,,,,,,,,,,,,,,,,,,,,,,,,,,,,,,,,,,,,,,,,,,,,,,,,,,,,,,,,,,,,,,,,,,,,,,,,,,,,,,,,,,,,,,,,,,,,,,,,,,,,,,,
731012,A,"Brother (Japan) Industries, Ltd./ Brothe","SMITH CORONA GROUP, CONSUMER PRODUCTS DIV., SCM CORP.","NASDAQ (SCCO), Can't find",JAPAN,Portable Electric Typewriters,4/9/1979,5/18/79,1/1/80,2/21/80,3/18/80,3/21/1980,5/1/1980,5/7/1980,10/7/1986,Journal of Commerce,Announcement of plant,Brother Industries USA Inc.,Bartlett,TN,1987,270,1990,JEI,NP,,,,,,,,,,,,,,,,,,,,,,,,,,,,,,,,,,,,,,,,,,,,,,,,,,,,,,,,,,,,,,,,,,,,,,,,,,,,,,,,,,,,,,,,,,,,,,,,,,,,,,,,,,,,,,,,,,,,,,,,,,,,,,,,,,,,,,,,,,,,,,,,,,,,,,,,,,,,,,,,,,,,,,,,,,,,,,,,,,,,,,,,,,,,,,,,,,,,,,,,,,,,,,,,,,,,,,,,,,,,,,,,,,,,,,
731059,T,British Steel Corp.,"U.S. STEEL CORP., BETHLEHEM STEEL CORP.","NYSE (USX), NYSE (BS)",UK,Carbon steel products,1/11/1982,1/20/82,2/28/82,3/3/82,10/21/82,TERM: 10/29/82,,,4/19/85,Financial Times (London),Announcement of minority stake in Tuscaloosa Steel,Tuscaloosa Steel Corporation,Tuscaloosa,AL,1994,400,1999,Webpage: http://www.hoogovens.nl/introflash.html,ACQ,,,,,,,,,,,,,,,,,,,,,,,,,,,,,,,,,,,,,,,,,,,,,,,,,,,,,,,,,,,,,,,,,,,,,,,,,,,,,,,,,,,,,,,,,,,,,,,,,,,,,,,,,,,,,,,,,,,,,,,,,,,,,,,,,,,,,,,,,,,,,,,,,,,,,,,,,,,,,,,,,,,,,,,,,,,,,,,,,,,,,,,,,,,,,,,,,,,,,,,,,,,,,,,,,,,,,,,,,,,,,,,,,,,,,,
731059,T,British Steel Corp.,"U.S. STEEL CORP., BETHLEHEM STEEL CORP.","NYSE (USX), NYSE (BS)",UK,Carbon steel products,1/11/1982,1/20/82,2/28/82,3/3/82,10/21/82,TERM: 10/29/82,,,4/19/85,Financial Times (London),Announcement of minority stake in Tuscaloosa Steel,Tuscaloosa Steel Corporation,Tuscaloosa,AL,1994,400,1999,Webpage: http://www.hoogovens.nl/introflash.html,ACQ,,,,,,,,,,,,,,,,,,,,,,,,,,,,,,,,,,,,,,,,,,,,,,,,,,,,,,,,,,,,,,,,,,,,,,,,,,,,,,,,,,,,,,,,,,,,,,,,,,,,,,,,,,,,,,,,,,,,,,,,,,,,,,,,,,,,,,,,,,,,,,,,,,,,,,,,,,,,,,,,,,,,,,,,,,,,,,,,,,,,,,,,,,,,,,,,,,,,,,,,,,,,,,,,,,,,,,,,,,,,,,,,,,,,,,
731089,N,Bridon Wire Ltd.,"AMERICAN SPRING WIRE CORP., ARMCO INC., BETHLEHEM STEEL CORP., FLORIDA WIRE & CABLE CO., PAN AMERICAN ROPES INC., SHINKO WIRE AMERICA INC.",NYSE (BS); Can't find others,UK,Concrete Steel Wire Strand,3/9/82,3/16/82,4/19/1982,4/28/82,12/14/82,12/20/82,1/2/83,2/9/83,3/6/84,New York Times,"USX sells wire rope and strand mfg facilities in Trenton, NJ and Oakland City, IN to Bridon American Corporation owned by Bridon P.L.C. of London",Bridon American (?),Trenton and Oakland City,NJ and IN,1984,,,,ACQ(100%),,,,,,,,,,,,,,,,,,,,,,,,,,,,,,,,,,,,,,,,,,,,,,,,,,,,,,,,,,,,,,,,,,,,,,,,,,,,,,,,,,,,,,,,,,,,,,,,,,,,,,,,,,,,,,,,,,,,,,,,,,,,,,,,,,,,,,,,,,,,,,,,,,,,,,,,,,,,,,,,,,,,,,,,,,,,,,,,,,,,,,,,,,,,,,,,,,,,,,,,,,,,,,,,,,,,,,,,,,,,,,,,,,,,,,
731095,A,"Union Siderurgique, Chatillon Division (USINOR-SACILOR) | Ugine Guegnon","TOOL AND STAINLESS STEEL INDUSTRY COMM. - ALLEGHENY LUDLUM STEEL, ARMCO INC., CARPENTER TECHNOLOGY CORP., COLT INDUSTRIES [CRUCIBLE MATERIALS GROUP], EASTERN STAINLESS STEEL CO., GUTERL SPECIALTY STEEL CORP., JESSOP STEEEL CO., JONES & LAUGHLIN STEEL INC., REPUBLIC STEEL CORP., UNIVERSAL-CYCLOPS SPECIALTY STEEL DIV.. OF CYCLOPS CORP., WASHINGTON STEEL - AND U.S. STEELWORKERS OF AMERICA (UNION)", ,FRANCE,Stainles Steel Sheet and Strip,5/13/1982,5/19/82,6/24/82,6/30/82,4/22/83,4/29/83,6/9/83,6/15/83,3/13/90,PR Newswire,Lexis-Nexis: Announcement of merger,J&L Specialty Steel,"HQ: Pittsburgh, Plants: Midland, Louisville, Detroit",PA/PA/OH/MI,1990,1300,1990,,ACQ(53.5%),,,,,,,,,,,,,,,,,,,,,,,,,,,,,,,,,,,,,,,,,,,,,,,,,,,,,,,,,,,,,,,,,,,,,,,,,,,,,,,,,,,,,,,,,,,,,,,,,,,,,,,,,,,,,,,,,,,,,,,,,,,,,,,,,,,,,,,,,,,,,,,,,,,,,,,,,,,,,,,,,,,,,,,,,,,,,,,,,,,,,,,,,,,,,,,,,,,,,,,,,,,,,,,,,,,,,,,,,,,,,,,,,,,,,,
731102,A,"Matsushita Communication Industrial Co.,",MOTOROLA INC,NYSE (MOT),JAPAN,Radio Pagers,8/20/1982,8/25/82,10/4/82,10/14/1982,??,6/23/1983,??,8/10/1983,1/7/1983 | 2/15/86,Jiji Press Ticker Service  ,Announcement that Matsushita decided to produce telephone switchboards and other electronic equipment in U.S. in response to trade frictions.,Matsushita Communication Industrial Corp. of America,Peachtree,GA,1987,800,1990,JEI,NP,,,,,,,,,,,,,,,,,,,,,,,,,,,,,,,,,,,,,,,,,,,,,,,,,,,,,,,,,,,,,,,,,,,,,,,,,,,,,,,,,,,,,,,,,,,,,,,,,,,,,,,,,,,,,,,,,,,,,,,,,,,,,,,,,,,,,,,,,,,,,,,,,,,,,,,,,,,,,,,,,,,,,,,,,,,,,,,,,,,,,,,,,,,,,,,,,,,,,,,,,,,,,,,,,,,,,,,,,,,,,,,,,,,,,,
731102,A,Nippon Electric Co. Ltd.,MOTOROLA INC,NYSE (MOT),JAPAN,Radio Pagers,8/20/1982,8/25/82,10/4/82,10/14/1982,??,6/23/1983,??,8/10/1983,5/21/1984,Business Wire,NEC to build communications equipment plant in Oregon,NEC America Inc.,Hillsboro,OR,1985,500,1990,JEI,NP,,,,,,,,,,,,,,,,,,,,,,,,,,,,,,,,,,,,,,,,,,,,,,,,,,,,,,,,,,,,,,,,,,,,,,,,,,,,,,,,,,,,,,,,,,,,,,,,,,,,,,,,,,,,,,,,,,,,,,,,,,,,,,,,,,,,,,,,,,,,,,,,,,,,,,,,,,,,,,,,,,,,,,,,,,,,,,,,,,,,,,,,,,,,,,,,,,,,,,,,,,,,,,,,,,,,,,,,,,,,,,,,,,,,,,
731134,A,"Samsung Electronics Co., Ltd.","UNIONS AND COMMITTEE TO PRESERVE AMERICAN COLOR TELEVISION (UNIONS AND CORNING GLASS WORKS, OWENS-ILLINOIS INC., AND WELLS-GARDNER ELEC. CORP.","NYSE (OWC), AMEX (WGA)",KOREA,Color TV Receivers,5/5/1983,5/11/83,6/16/83,6/22/83,??,3/1/84,4/16/84,4/25/1984,12/27/1983,PR Newswire,Lexis-Nexis: Japan Economic Journal - 3/21/87 -  LATER moved plants to Mexico - macquiladoris,Samsung International Inc,Roxbury,NJ,1985,340,1985,Lexis-Nexis: Financial Times - 7/8/85,,,,,,,,,,,,,,,,,,,,,,,,,,,,,,,,,,,,,,,,,,,,,,,,,,,,,,,,,,,,,,,,,,,,,,,,,,,,,,,,,,,,,,,,,,,,,,,,,,,,,,,,,,,,,,,,,,,,,,,,,,,,,,,,,,,,,,,,,,,,,,,,,,,,,,,,,,,,,,,,,,,,,,,,,,,,,,,,,,,,,,,,,,,,,,,,,,,,,,,,,,,,,,,,,,,,,,,,,,,,,,,,,,,,,,,
731207,A,Fujitsu Ltd.,MOTOROLA INC.,NYSE (MOT),JAPAN,Cellular Mobile Telephones,11/5/1984,11/15/84,12/20/84,12/27/84,10/24/85,10/31/85,12/9/85,12/17/85,10/2/1984,Japan Economic Journal,Announcement of production of cellular mobile phones in response to trade frictions,Fujitsu America Inc.,Richardson,TX,1984,345,1990,JEI,NP,Fujitsu Microelectronics Inc,Gresham,OR,1988,475,1990,JEI,NP,,,,,,,,,,,,,,,,,,,,,,,,,,,,,,,,,,,,,,,,,,,,,,,,,,,,,,,,,,,,,,,,,,,,,,,,,,,,,,,,,,,,,,,,,,,,,,,,,,,,,,,,,,,,,,,,,,,,,,,,,,,,,,,,,,,,,,,,,,,,,,,,,,,,,,,,,,,,,,,,,,,,,,,,,,,,,,,,,,,,,,,,,,,,,,,,,,,,,,,,,,,,,,,,,,,,,,,,,,,,,,
731207,A,"Matsushita Communication Industrial Co.,",MOTOROLA INC.,NYSE (MOT),JAPAN,Cellular Mobile Telephones,11/5/1984,11/15/84,12/20/84,12/27/84,10/24/85,10/31/85,12/9/85,12/17/85,2/15/86 | 1/7/83,Japan Economic Journal,"Article says that Matsushita had placed production in Franklin Park in 1983 in response to alleged dumping.  This new plant in Georgia would have a capacity of 15,000 units.",Matsushita Communication Industrial Corp. of America,Peachtree,GA,1987,800,1990,JEI,NP,,,,,,,,,,,,,,,,,,,,,,,,,,,,,,,,,,,,,,,,,,,,,,,,,,,,,,,,,,,,,,,,,,,,,,,,,,,,,,,,,,,,,,,,,,,,,,,,,,,,,,,,,,,,,,,,,,,,,,,,,,,,,,,,,,,,,,,,,,,,,,,,,,,,,,,,,,,,,,,,,,,,,,,,,,,,,,,,,,,,,,,,,,,,,,,,,,,,,,,,,,,,,,,,,,,,,,,,,,,,,,,,,,,,,,
731207,A,Mitsubishi Electric Corp.,MOTOROLA INC.,NYSE (MOT),JAPAN,Cellular Mobile Telephones,11/5/1984,11/15/84,12/20/84,12/27/84,10/24/85,10/31/85,12/9/85,12/17/85,9/3/1983,New York Times,Announcement of intention to have JV with Plessy,Astronet Corp. Inc.,Lake Mary ,FL,1984,50,1990,JEI,JV (25%) with Plessy PLC (UK),Mitsubishi Consumer Electronics America Inc.,Braselton,GA,1986,700,1990,JEI,NP,,,,,,,,,,,,,,,,,,,,,,,,,,,,,,,,,,,,,,,,,,,,,,,,,,,,,,,,,,,,,,,,,,,,,,,,,,,,,,,,,,,,,,,,,,,,,,,,,,,,,,,,,,,,,,,,,,,,,,,,,,,,,,,,,,,,,,,,,,,,,,,,,,,,,,,,,,,,,,,,,,,,,,,,,,,,,,,,,,,,,,,,,,,,,,,,,,,,,,,,,,,,,,,,,,,,,,,,,,,,,,
731207,A,Nippon Electric Co. Ltd.,MOTOROLA INC.,NYSE (MOT),JAPAN,Cellular Mobile Telephones,11/5/1984,11/15/84,12/20/84,12/27/84,10/24/85,10/31/85,12/9/85,12/17/85,5/21/1984,Business Wire,NEC to build communications equipment plant in Oregon,NEC America Inc.,Hillsboro,OR,1985,500,1990,JEI,NP,,,,,,,,,,,,,,,,,,,,,,,,,,,,,,,,,,,,,,,,,,,,,,,,,,,,,,,,,,,,,,,,,,,,,,,,,,,,,,,,,,,,,,,,,,,,,,,,,,,,,,,,,,,,,,,,,,,,,,,,,,,,,,,,,,,,,,,,,,,,,,,,,,,,,,,,,,,,,,,,,,,,,,,,,,,,,,,,,,,,,,,,,,,,,,,,,,,,,,,,,,,,,,,,,,,,,,,,,,,,,,,,,,,,,,
731207,A,"Oki Electric Industry Co., Ltd.",MOTOROLA INC.,NYSE (MOT),JAPAN,Cellular Mobile Telephones,11/5/1984,11/15/84,12/20/84,12/27/84,10/24/85,10/31/85,12/9/85,12/17/85,5/9/1984,Jiji Press Ticker Service  ,Announcement of Oki producing cellular phones in response to trade frictions,Oki America Inc. - Oki Telecom Group,Suwanee,GA,1984,600,1990,JEI,NP,,,,,,,,,,,,,,,,,,,,,,,,,,,,,,,,,,,,,,,,,,,,,,,,,,,,,,,,,,,,,,,,,,,,,,,,,,,,,,,,,,,,,,,,,,,,,,,,,,,,,,,,,,,,,,,,,,,,,,,,,,,,,,,,,,,,,,,,,,,,,,,,,,,,,,,,,,,,,,,,,,,,,,,,,,,,,,,,,,,,,,,,,,,,,,,,,,,,,,,,,,,,,,,,,,,,,,,,,,,,,,,,,,,,,,
731270,A,Hitachi Corp. Ltd.,MICRON TECHNOLOGY,NYSE (MU),JAPAN,64k DRAMs,6/24/1985,7/3/85,8/8/85,8/14/85,4/23/86,4/29/86,6/6/83,6/11/1986,8/4/1981,Japan Economic Journal,Announcement of producing 64k in Texas in response to growing trade frictions - but well before case,Hitachi Semiconductor (America) Inc.,Irving,TX,1979,422,1979,JEI,NP,,,,,,,,,,,,,,,,,,,,,,,,,,,,,,,,,,,,,,,,,,,,,,,,,,,,,,,,,,,,,,,,,,,,,,,,,,,,,,,,,,,,,,,,,,,,,,,,,,,,,,,,,,,,,,,,,,,,,,,,,,,,,,,,,,,,,,,,,,,,,,,,,,,,,,,,,,,,,,,,,,,,,,,,,,,,,,,,,,,,,,,,,,,,,,,,,,,,,,,,,,,,,,,,,,,,,,,,,,,,,,,,,,,,,,
731270,A,Mitsubishi Electric Corp.,MICRON TECHNOLOGY,NYSE (MU),JAPAN,64k DRAMs,6/24/1985,7/3/85,8/8/85,8/14/85,4/23/86,4/29/86,6/6/83,6/11/1986,1/25/1984,Jiji Press Ticker Service  ,Announcement of Mitsubishi plant producing 64k chips in North Carolina,Mitsubishi Semiconductor America Inc.,Durham ,NC,1985,525,1990,JEI,NP,Powerex Inc.,Auburn/Youngwood/Gurabo,NY/PA/PR,1985/1985/1985,200/500/200,1990,JEI,JV (33%) with G.E. (US-33%) and Westinghouse (33%),,,,,,,,,,,,,,,,,,,,,,,,,,,,,,,,,,,,,,,,,,,,,,,,,,,,,,,,,,,,,,,,,,,,,,,,,,,,,,,,,,,,,,,,,,,,,,,,,,,,,,,,,,,,,,,,,,,,,,,,,,,,,,,,,,,,,,,,,,,,,,,,,,,,,,,,,,,,,,,,,,,,,,,,,,,,,,,,,,,,,,,,,,,,,,,,,,,,,,,,,,,,,,,,,,,,,,,,,,,,,,
731270,A,NEC Corp.,MICRON TECHNOLOGY,NYSE (MU),JAPAN,64k DRAMs,6/24/1985,7/3/85,8/8/85,8/14/85,4/23/86,4/29/86,6/6/83,6/11/1986,4/21/86 | 5/3/86 | 6/11/86 | 11/20/1986,Jiji Press Ticker Service  ,"Announcement that NEC plans to ""sharply increase semiconductor production … to forestall resurgence of Japan-U.S. friction over the chip trade imbalance.""",NEC Electronics Inc.,Roseville,CA,1984,700,1990,JEI,NP,,,,,,,,,,,,,,,,,,,,,,,,,,,,,,,,,,,,,,,,,,,,,,,,,,,,,,,,,,,,,,,,,,,,,,,,,,,,,,,,,,,,,,,,,,,,,,,,,,,,,,,,,,,,,,,,,,,,,,,,,,,,,,,,,,,,,,,,,,,,,,,,,,,,,,,,,,,,,,,,,,,,,,,,,,,,,,,,,,,,,,,,,,,,,,,,,,,,,,,,,,,,,,,,,,,,,,,,,,,,,,,,,,,,,,
731270,A,"Oki Electric Industry Co., Ltd.",MICRON TECHNOLOGY,NYSE (MU),JAPAN,64k DRAMs,6/24/1985,7/3/85,8/8/85,8/14/85,4/23/86,4/29/86,6/6/83,6/11/1986,10/28/1988 | 6/14/89,Jiji Press Ticker Service  | PR Newswire,Announcement that Oki considering producing application-specific Ics (ASICs) in U.S. | Announcement of new plant in Tualatin OR,Oki America Inc. - Oki Semiconductor Group,Sunnyvale ,CA ,1984,130,1990,JEI,NP,Oki America Inc. - Oki Semiconductor Group,Tualatin,OR,1990,100,1990,JEI,NP,,,,,,,,,,,,,,,,,,,,,,,,,,,,,,,,,,,,,,,,,,,,,,,,,,,,,,,,,,,,,,,,,,,,,,,,,,,,,,,,,,,,,,,,,,,,,,,,,,,,,,,,,,,,,,,,,,,,,,,,,,,,,,,,,,,,,,,,,,,,,,,,,,,,,,,,,,,,,,,,,,,,,,,,,,,,,,,,,,,,,,,,,,,,,,,,,,,,,,,,,,,,,,,,,,,,,,,,,,,,,,
731288,S,Fujitsu Ltd.,"INTEL CORP, ADVANCED MICRO DEVICES, NATIONAL SEMICONDUCTOR CORP.","NASDAQ (INTC), NYSE (AMD), NYSE (NSM)",JAPAN,EPROMS,9/30/1985,10/9/85,11/15/85,11/20/85,,,7/30/86,SUSP: 8/6/86,6/28/1993,Nikkei Weekly,Announcement that Fujitsu to start production of EPROMs in Oregon plant,Fujitsu Microelectronics Inc,San Diego,CA,1981,320,1990,JEI,NP,Fujitsu Microelectronics Inc,Gresham,OR,1988,475,1990,JEI,NP,,,,,,,,,,,,,,,,,,,,,,,,,,,,,,,,,,,,,,,,,,,,,,,,,,,,,,,,,,,,,,,,,,,,,,,,,,,,,,,,,,,,,,,,,,,,,,,,,,,,,,,,,,,,,,,,,,,,,,,,,,,,,,,,,,,,,,,,,,,,,,,,,,,,,,,,,,,,,,,,,,,,,,,,,,,,,,,,,,,,,,,,,,,,,,,,,,,,,,,,,,,,,,,,,,,,,,,,,,,,,,
731300,S,Fujitsu Ltd.,SELF INITIATED - DOC,,JAPAN,256k and above DRAMs,12/11/1985,12/18/85,1/27/86,2/6/86,,,7/30/86 | 8/1/91,TERM: 8/7/91,8/9/86 | 9/12/87 | 2/19/91,Japan Economic Journal | Japan Economic Journal | Jiji Press Ticker Service,Announcements 1 and 2 are that Fujitsu plans to build semiconductor plant in Oregon.  Announcement 3 is Fujitsu plans production of 4 MB DRAMs at Oregon plant.,Fujitsu Microelectronics Inc,San Diego,CA,1981,320,1990,JEI,NP,Fujitsu Microelectronics Inc,Gresham,OR,1988,475,1990,JEI,,,,,,,,,,,,,,,,,,,,,,,,,,,,,,,,,,,,,,,,,,,,,,,,,,,,,,,,,,,,,,,,,,,,,,,,,,,,,,,,,,,,,,,,,,,,,,,,,,,,,,,,,,,,,,,,,,,,,,,,,,,,,,,,,,,,,,,,,,,,,,,,,,,,,,,,,,,,,,,,,,,,,,,,,,,,,,,,,,,,,,,,,,,,,,,,,,,,,,,,,,,,,,,,,,,,,,,,,,,,,,,
731300,S,Hitachi Corp. Ltd.,SELF INITIATED - DOC,,JAPAN,256k and above DRAMs,12/11/1985,12/18/85,1/27/86,2/6/86,,,7/30/86 | 8/1/91,TERM: 8/7/91,6/12/1987,Jiji Press Ticker Service  ,Announcements that Hitachi will expand semiconductor production in U.S. in response to trade frictions.,Hitachi Semiconductor (America) Inc.,Irving,TX,1979,422,1979,JEI,NP,,,,,,,,,,,,,,,,,,,,,,,,,,,,,,,,,,,,,,,,,,,,,,,,,,,,,,,,,,,,,,,,,,,,,,,,,,,,,,,,,,,,,,,,,,,,,,,,,,,,,,,,,,,,,,,,,,,,,,,,,,,,,,,,,,,,,,,,,,,,,,,,,,,,,,,,,,,,,,,,,,,,,,,,,,,,,,,,,,,,,,,,,,,,,,,,,,,,,,,,,,,,,,,,,,,,,,,,,,,,,,,,,,,,,,
731300,S,Mitsubishi Electric Corp.,SELF INITIATED - DOC,,JAPAN,256k and above DRAMs,12/11/1985,12/18/85,1/27/86,2/6/86,,,7/30/86 | 8/1/91,TERM: 8/7/91,3/16/1988,Jiji Press Ticker Service,"Announcement of expansion or addition of product line in existing plant. (In this case, new  line in 1M DRAMs.",Mitsubishi Semiconductor America Inc.,Durham ,NC,1985,525,1990,JEI,NP,Powerex Inc.,Auburn/Youngwood/Gurabo,NY/PA/PR,1985/1985/1985,200/500/200,1990,JEI,JV (33%) with G.E. (US-33%) and Westinghouse (33%),,,,,,,,,,,,,,,,,,,,,,,,,,,,,,,,,,,,,,,,,,,,,,,,,,,,,,,,,,,,,,,,,,,,,,,,,,,,,,,,,,,,,,,,,,,,,,,,,,,,,,,,,,,,,,,,,,,,,,,,,,,,,,,,,,,,,,,,,,,,,,,,,,,,,,,,,,,,,,,,,,,,,,,,,,,,,,,,,,,,,,,,,,,,,,,,,,,,,,,,,,,,,,,,,,,,,,,,,,,,,,
731300,S,NEC Corp.,SELF INITIATED - DOC,,JAPAN,256k and above DRAMs,12/11/1985,12/18/85,1/27/86,2/6/86,,,7/30/86 | 8/1/91,TERM: 8/7/91,4/21/86 | 5/3/86 | 6/11/86 | 11/20/1986,Jiji Press Ticker Service  ,"Announcement that NEC plans to ""sharply increase semiconductor production … to forestall resurgence of Japan-U.S. friction over the chip trade imbalance.""",NEC Electronics Inc.,Roseville,CA,1984,700,1990,JEI,NP,,,,,,,,,,,,,,,,,,,,,,,,,,,,,,,,,,,,,,,,,,,,,,,,,,,,,,,,,,,,,,,,,,,,,,,,,,,,,,,,,,,,,,,,,,,,,,,,,,,,,,,,,,,,,,,,,,,,,,,,,,,,,,,,,,,,,,,,,,,,,,,,,,,,,,,,,,,,,,,,,,,,,,,,,,,,,,,,,,,,,,,,,,,,,,,,,,,,,,,,,,,,,,,,,,,,,,,,,,,,,,,,,,,,,,
731300,S,Tokyo Shibaura Corp. (TOSHIBA),SELF INITIATED - DOC,,JAPAN,256k and above DRAMs,12/11/1985,12/18/85,1/27/86,2/6/86,,,7/30/86 | 8/1/91,TERM: 8/7/91,10/21/1985,Japan Economic Journal,"MIXED announcement: laying off workers, but says they plan to remodel and expand ability to produce DRAMs",Toshiba America Consumer Products Inc.,Sunnyvale,CA,1980,220,1990,JEI,ACQ(100%),,,,,,,,,,,,,,,,,,,,,,,,,,,,,,,,,,,,,,,,,,,,,,,,,,,,,,,,,,,,,,,,,,,,,,,,,,,,,,,,,,,,,,,,,,,,,,,,,,,,,,,,,,,,,,,,,,,,,,,,,,,,,,,,,,,,,,,,,,,,,,,,,,,,,,,,,,,,,,,,,,,,,,,,,,,,,,,,,,,,,,,,,,,,,,,,,,,,,,,,,,,,,,,,,,,,,,,,,,,,,,,,,,,,,,
731343,A,NSK Ltd. (formerly Nippon Seiko KK),TIMKEN CO.,NYSE (TKR),JAPAN,Tapered Roller Bearings,8/27/1986,9/4/86,10/9/86,10/16/86,10/10/87??,8/17/87,9/23/87,10/1/87,1/17/1987,Japan Economic Journal,Announcement of major expansion of capacity in U.S.,NSK Corp.,Ann Arbor/Clarinda,MI/IA,1973/1975,275/338,1990,JEI,ACQ (100%)/NP,NSK-AKS Precision Ball Company,Clarinda,IA,1987,,,Webpage: http://www.nsk-corp.com/COMPINFO/index.html,,,,,,,,,,,,,,,,,,,,,,,,,,,,,,,,,,,,,,,,,,,,,,,,,,,,,,,,,,,,,,,,,,,,,,,,,,,,,,,,,,,,,,,,,,,,,,,,,,,,,,,,,,,,,,,,,,,,,,,,,,,,,,,,,,,,,,,,,,,,,,,,,,,,,,,,,,,,,,,,,,,,,,,,,,,,,,,,,,,,,,,,,,,,,,,,,,,,,,,,,,,,,,,,,,,,,,,,,,,,,,,
731343,A,"NTN Toyo Bearing Co., Ltd. (aka NTN Corp",TIMKEN CO.,NYSE (TKR),JAPAN,Tapered Roller Bearings,8/27/1986,9/4/86,10/9/86,10/16/86,10/10/87??,8/17/87,9/23/87,10/1/87,10/14/1987,Japan Economic Newswire,Announcement that NTN will take over its JV with Federal Mogul - in part to avoid tariffs from AD case,NTN American Bearing ManufacturingCorp./NTN Elgin Inc.,Schiller Park/Elgin,IL/IL,1971/1975,65/135,1990,JEI,NP/NP,NTN-Bower Corp.,Hamilton/Mccomb,AL/IL,1985,1000,1990,JEI,ACQ(100%),,,,,,,,,,,,,,,,,,,,,,,,,,,,,,,,,,,,,,,,,,,,,,,,,,,,,,,,,,,,,,,,,,,,,,,,,,,,,,,,,,,,,,,,,,,,,,,,,,,,,,,,,,,,,,,,,,,,,,,,,,,,,,,,,,,,,,,,,,,,,,,,,,,,,,,,,,,,,,,,,,,,,,,,,,,,,,,,,,,,,,,,,,,,,,,,,,,,,,,,,,,,,,,,,,,,,,,,,,,,,,
731342,A,SKF Italy (Though SKF based in SWEDEN),TIMKEN CO.,NYSE (TKR),ITALY,Tapered Roller Bearings,8/27/1986,9/4/86,10/9/86,10/16/86,6/22/87??,8/17/87,8/16/87,10/1/87,3/17/1986,PR Newswire,Announcement of acquisition of bearings division of TRW Bearings - NOTE: Announcement before the case though,MRC Bearings Inc,Jamestown/Winsted,NY/CT,1986,,,,ACQ (100%),,,,,,,,,,,,,,,,,,,,,,,,,,,,,,,,,,,,,,,,,,,,,,,,,,,,,,,,,,,,,,,,,,,,,,,,,,,,,,,,,,,,,,,,,,,,,,,,,,,,,,,,,,,,,,,,,,,,,,,,,,,,,,,,,,,,,,,,,,,,,,,,,,,,,,,,,,,,,,,,,,,,,,,,,,,,,,,,,,,,,,,,,,,,,,,,,,,,,,,,,,,,,,,,,,,,,,,,,,,,,,,,,,,,,,
731354,A,Sandvik Steel Co.,"SPECIALTY TUBING GROUP - AL TECH SPECIALTY STEEL CORP., ALLEGHENY LUDLUM STEEL CORP, ARMCO-SPECIALTY STEEL DIV., CARPENTER TECHNOLOGYCORP., DAMASCUS TUBULAR PRODUCTS, TRENT TUBE DIV. OF CRUCIBLE MATERIALS CORP.","Can't find, can't find, can't find, NYSE (CRS), can't find, can't find",SWEDEN,Stainless Steel Pipe,10/24/1986,10/29/86,12/5/86,12/10/86,10/5/87,10/9/87,11/19/87,11/25/87,5/18/1992,Japan Economic Newswire,"Lexis-Nexis: Japan Economic Newswire 5/18/92 announcement that Sumitomo and Sandvik starting joint venture to produce seamless steel pipes: Pennsylvania Extruded Tube Co. near Sandvik's current subsidiary.  $45 million - 70% owned by Sandvik - 12,000 tons a year.",Sandvik Steel Co.,Clarks Summit,PA,1970,325,1999,Wards - see fdi_unkn2.xls,,Sandvik Steel Strip Products Division,Benton Harbor ,MI,,,,,,,,,,,,,,,,,,,,,,,,,,,,,,,,,,,,,,,,,,,,,,,,,,,,,,,,,,,,,,,,,,,,,,,,,,,,,,,,,,,,,,,,,,,,,,,,,,,,,,,,,,,,,,,,,,,,,,,,,,,,,,,,,,,,,,,,,,,,,,,,,,,,,,,,,,,,,,,,,,,,,,,,,,,,,,,,,,,,,,,,,,,,,,,,,,,,,,,,,,,,,,,,,,,,,,,,,,,,,,,,,,,
731368,A,Hitachi Corp. Ltd.,UNIONS (but backed by ZENITH ELECTRONICS according to 10/3/90 article in Crain's Chicago Business journal and ZENITH filed anticircumvention petition in 1990),NYSE (ZE),JAPAN,Color Picture Tubes,11/26/1986,12/8/86,1/12/87,1/22/87,11/12/87??,11/18/87,7/21/87,7/29/87,12/11/1989,Jiji Press Ticker Service  ,Announcement that Hitachi plants a new picture tube plant in Georgia,Hitachi Electronic Devices America,Greenville,SC,1991,300,1990,JEI,NP,,,,,,,,,,,,,,,,,,,,,,,,,,,,,,,,,,,,,,,,,,,,,,,,,,,,,,,,,,,,,,,,,,,,,,,,,,,,,,,,,,,,,,,,,,,,,,,,,,,,,,,,,,,,,,,,,,,,,,,,,,,,,,,,,,,,,,,,,,,,,,,,,,,,,,,,,,,,,,,,,,,,,,,,,,,,,,,,,,,,,,,,,,,,,,,,,,,,,,,,,,,,,,,,,,,,,,,,,,,,,,,,,,,,,,
731368,A,Matsushita Electronics Corp.,UNIONS (but backed by ZENITH ELECTRONICS according to 10/3/90 article in Crain's Chicago Business journal and ZENITH filed anticircumvention petition in 1990),NYSE (ZE),JAPAN,Color Picture Tubes,11/26/1986,12/8/86,1/12/87,1/22/87,11/12/87??,11/18/87,7/21/87,7/29/87,12/26/1987,Japan Economic Journal,Announcement that Matsushita plans a new picture tube plant in Ohio,American Matsushita Electronics Corp.,Troy,OH,1989,270,1990,JEI,NP,,,,,,,,,,,,,,,,,,,,,,,,,,,,,,,,,,,,,,,,,,,,,,,,,,,,,,,,,,,,,,,,,,,,,,,,,,,,,,,,,,,,,,,,,,,,,,,,,,,,,,,,,,,,,,,,,,,,,,,,,,,,,,,,,,,,,,,,,,,,,,,,,,,,,,,,,,,,,,,,,,,,,,,,,,,,,,,,,,,,,,,,,,,,,,,,,,,,,,,,,,,,,,,,,,,,,,,,,,,,,,,,,,,,,,
731368,A,Tokyo Shibaura Corp. (TOSHIBA),UNIONS (but backed by ZENITH ELECTRONICS according to 10/3/90 article in Crain's Chicago Business journal and ZENITH filed anticircumvention petition in 1990),NYSE (ZE),JAPAN,Color Picture Tubes,11/26/1986,12/8/86,1/12/87,1/22/87,11/12/87??,11/18/87,7/21/87,7/29/87,12/12/1984,Jiji Press Ticker Service  ,Announcement of JV with Westinghouse for New York plant,Toshiba Display Devices Inc.,Horseheads,NY,1986,1300,1990,JEI,NP,,,,,,,,,,,,,,,,,,,,,,,,,,,,,,,,,,,,,,,,,,,,,,,,,,,,,,,,,,,,,,,,,,,,,,,,,,,,,,,,,,,,,,,,,,,,,,,,,,,,,,,,,,,,,,,,,,,,,,,,,,,,,,,,,,,,,,,,,,,,,,,,,,,,,,,,,,,,,,,,,,,,,,,,,,,,,,,,,,,,,,,,,,,,,,,,,,,,,,,,,,,,,,,,,,,,,,,,,,,,,,,,,,,,,,
731370,A,"Hitachi Electronic Devices, Pte., Ltd.",UNIONS (but backed by ZENITH ELECTRONICS according to 10/3/90 article in Crain's Chicago Business journal and ZENITH filed anticircumvention petition in 1990),NYSE (ZE),SINGAPORE,Color Picture Tubes,11/26/1986,12/8/86,1/12/87,1/22/87,11/12/87??,11/18/87,7/21/87,7/29/87,12/11/1989,Jiji Press Ticker Service  ,Announcement that Hitachi plants a new picture tube plant in Georgia,Hitachi Electronic Devices America,Greenville,SC,1991,300,1990,JEI,NP,,,,,,,,,,,,,,,,,,,,,,,,,,,,,,,,,,,,,,,,,,,,,,,,,,,,,,,,,,,,,,,,,,,,,,,,,,,,,,,,,,,,,,,,,,,,,,,,,,,,,,,,,,,,,,,,,,,,,,,,,,,,,,,,,,,,,,,,,,,,,,,,,,,,,,,,,,,,,,,,,,,,,,,,,,,,,,,,,,,,,,,,,,,,,,,,,,,,,,,,,,,,,,,,,,,,,,,,,,,,,,,,,,,,,,
731377,A,"Komatsu Forklift Co., Ltd.",HYSTER CO. (Taken private in 1984 and owned 70% by ESCO CORP until acquired by NACCO in 1989) AND UNIONS CONNECTED WITH CATERPILAR AND CLARK,"Can't find, NYSE(CAT), can't find",JAPAN,Forklifts,4/22/1987,4/30/87,6/19/87,6/24/87,4/7/88,4/15/88,6/2/88,6/8/88,6/13/1987,Japan Economic Journal,Announcement of new plant in California,Komatsu Forklift Manufacturing Corp,La Palma,CA,1987,90,1990,JEI,NP,Komatsu Forklift Manufacturing Corp,Buena Park,CA,1989,55,1990,JEI,,,,,,,,,,,,,,,,,,,,,,,,,,,,,,,,,,,,,,,,,,,,,,,,,,,,,,,,,,,,,,,,,,,,,,,,,,,,,,,,,,,,,,,,,,,,,,,,,,,,,,,,,,,,,,,,,,,,,,,,,,,,,,,,,,,,,,,,,,,,,,,,,,,,,,,,,,,,,,,,,,,,,,,,,,,,,,,,,,,,,,,,,,,,,,,,,,,,,,,,,,,,,,,,,,,,,,,,,,,,,,,
731377,A,Mitsubishi Heavy Industries,HYSTER CO. (Taken private in 1984 and owned 70% by ESCO CORP until acquired by NACCO in 1989) AND UNIONS CONNECTED WITH CATERPILAR AND CLARK,"Can't find, NYSE(CAT), can't find",JAPAN,Forklifts,4/22/1987,4/30/87,6/19/87,6/24/87,4/7/88,4/15/88,6/2/88,6/8/88,12/12/1987,Japan Economic Journal,Announcement of new plant in Texas with parts produced in Mexico ,MHI Forklift America Inc.,Houston,TX,1988,120,1990,JEI,NP,,,,,,,,,,,,,,,,,,,,,,,,,,,,,,,,,,,,,,,,,,,,,,,,,,,,,,,,,,,,,,,,,,,,,,,,,,,,,,,,,,,,,,,,,,,,,,,,,,,,,,,,,,,,,,,,,,,,,,,,,,,,,,,,,,,,,,,,,,,,,,,,,,,,,,,,,,,,,,,,,,,,,,,,,,,,,,,,,,,,,,,,,,,,,,,,,,,,,,,,,,,,,,,,,,,,,,,,,,,,,,,,,,,,,,
731377,A,Mitsubishi Heavy Industries,HYSTER CO. (Taken private in 1984 and owned 70% by ESCO CORP until acquired by NACCO in 1989) AND UNIONS CONNECTED WITH CATERPILAR AND CLARK,"Can't find, NYSE(CAT), can't find",JAPAN,Forklifts,4/22/1987,4/30/87,6/19/87,6/24/87,4/7/88,4/15/88,6/2/88,6/8/88,12/28/1991,Nikkei Weekly,Announcement of new JV with Caterpillar,Mitsubishi Caterpillar Forklift America,Mentor | Houston,OH | TX,1993,500,1992,Lexis-Nexis: PR Newswire 6/16/92,JV(?),,,,,,,,,,,,,,,,,,,,,,,,,,,,,,,,,,,,,,,,,,,,,,,,,,,,,,,,,,,,,,,,,,,,,,,,,,,,,,,,,,,,,,,,,,,,,,,,,,,,,,,,,,,,,,,,,,,,,,,,,,,,,,,,,,,,,,,,,,,,,,,,,,,,,,,,,,,,,,,,,,,,,,,,,,,,,,,,,,,,,,,,,,,,,,,,,,,,,,,,,,,,,,,,,,,,,,,,,,,,,,,,,,,,,,
731377,A,Nissan Motor Co.,HYSTER CO. (Taken private in 1984 and owned 70% by ESCO CORP until acquired by NACCO in 1989) AND UNIONS CONNECTED WITH CATERPILAR AND CLARK,"Can't find, NYSE(CAT), can't find",JAPAN,Forklifts,4/22/1987,4/30/87,6/19/87,6/24/87,4/7/88,4/15/88,6/2/88,6/8/88,10/6/1989,Jiji Press Ticker Service  ,Announcement of acquisition of Barrett Industrial Trucks Inc,Barrett Industrial Trucks Inc.,Marengo ,IL,1988,300,1990,JEI,ACQ (70%) with Marubeni Corp. (Japan),,,,,,,,,,,,,,,,,,,,,,,,,,,,,,,,,,,,,,,,,,,,,,,,,,,,,,,,,,,,,,,,,,,,,,,,,,,,,,,,,,,,,,,,,,,,,,,,,,,,,,,,,,,,,,,,,,,,,,,,,,,,,,,,,,,,,,,,,,,,,,,,,,,,,,,,,,,,,,,,,,,,,,,,,,,,,,,,,,,,,,,,,,,,,,,,,,,,,,,,,,,,,,,,,,,,,,,,,,,,,,,,,,,,,,
731377,A,"Toyo Umpanki Co., Ltd.",HYSTER CO. (Taken private in 1984 and owned 70% by ESCO CORP until acquired by NACCO in 1989) AND UNIONS CONNECTED WITH CATERPILAR AND CLARK,"Can't find, NYSE(CAT), can't find",JAPAN,Forklifts,4/22/1987,4/30/87,6/19/87,6/24/87,4/7/88,4/15/88,6/2/88,6/8/88,10/6/1988,Jiji Press Ticker Service  ,Announcement of intention to build new plant in South Carolina,TCM Manufacturing USA Inc.,West Columbia,SC,1989,35,1990,JEI,JV (80%) with C. Itoh (Japan-10%) and Mitsui (Japan-10%),,,,,,,,,,,,,,,,,,,,,,,,,,,,,,,,,,,,,,,,,,,,,,,,,,,,,,,,,,,,,,,,,,,,,,,,,,,,,,,,,,,,,,,,,,,,,,,,,,,,,,,,,,,,,,,,,,,,,,,,,,,,,,,,,,,,,,,,,,,,,,,,,,,,,,,,,,,,,,,,,,,,,,,,,,,,,,,,,,,,,,,,,,,,,,,,,,,,,,,,,,,,,,,,,,,,,,,,,,,,,,,,,,,,,,
731377,A,Toyota Motor Corp.,HYSTER CO. (Taken private in 1984 and owned 70% by ESCO CORP until acquired by NACCO in 1989) AND UNIONS CONNECTED WITH CATERPILAR AND CLARK,"Can't find, NYSE(CAT), can't find",JAPAN,Forklifts,4/22/1987,4/30/87,6/19/87,6/24/87,4/7/88,4/15/88,6/2/88,6/8/88,10/14/1988,Jiji Press Ticker Service  ,Announcement of intention to build new plant in Indiana,Toyota Industrial Equipment Manufacturing Inc.,Columbus,IN,1990,205,1990,JEI,NP,,,,,,,,,,,,,,,,,,,,,,,,,,,,,,,,,,,,,,,,,,,,,,,,,,,,,,,,,,,,,,,,,,,,,,,,,,,,,,,,,,,,,,,,,,,,,,,,,,,,,,,,,,,,,,,,,,,,,,,,,,,,,,,,,,,,,,,,,,,,,,,,,,,,,,,,,,,,,,,,,,,,,,,,,,,,,,,,,,,,,,,,,,,,,,,,,,,,,,,,,,,,,,,,,,,,,,,,,,,,,,,,,,,,,,
731384,A,"Nippon Zeon Co., Ltd.",UNIROYAL CHEMICAL CO.,,JAPAN,Nitrile Rubber,9/4/1987,9/10/87,10/6/87,10/28/87,4/25/88,4/29/88,6/10/88,6/27/88,6/10/1989,Japan Economic Newswire,Lexis-Nexis: Japan Economic Newswire 6/10/89 announcement that Nippon Zeonbought B.F. Goodrich's specialty rubber plant precisely because of antidumping case - no imports from Japan since case was finalized!,Zeon Chemicals USA Inc.,Louisville/Hattiesburg,KY/MS,1989,300,1990,JEI,ACQ(100%),Zeon Chemicals Texas Inc.,Pasadena,TX,1990,42,1990,JEI,,,,,,,,,,,,,,,,,,,,,,,,,,,,,,,,,,,,,,,,,,,,,,,,,,,,,,,,,,,,,,,,,,,,,,,,,,,,,,,,,,,,,,,,,,,,,,,,,,,,,,,,,,,,,,,,,,,,,,,,,,,,,,,,,,,,,,,,,,,,,,,,,,,,,,,,,,,,,,,,,,,,,,,,,,,,,,,,,,,,,,,,,,,,,,,,,,,,,,,,,,,,,,,,,,,,,,,,,,,,,,,
731388,N,"Yamaha Motor Co., Ltd.",POLARIS INDUSTRIES (MPLS),NYSE (PII),JAPAN,All-terrain Vehicles,2/12/1988,2/18/88,4/1/88,4/6/88,????,1/31/89,3/14/89,3/22/89,9/10/1986,Business Wire,"Before the case - golf carts and plans for other products as well, but doesn't specifically mention ATVs",Yamaha Motor Manufacturing Corp. of America,Newnan,GA,1988,445,1990,JEI,NP,,,,,,,,,,,,,,,,,,,,,,,,,,,,,,,,,,,,,,,,,,,,,,,,,,,,,,,,,,,,,,,,,,,,,,,,,,,,,,,,,,,,,,,,,,,,,,,,,,,,,,,,,,,,,,,,,,,,,,,,,,,,,,,,,,,,,,,,,,,,,,,,,,,,,,,,,,,,,,,,,,,,,,,,,,,,,,,,,,,,,,,,,,,,,,,,,,,,,,,,,,,,,,,,,,,,,,,,,,,,,,,,,,,,,,
731389,A,Fuji Photo Film Co.,VERBATIM (SUBSIDIARY OF EASTMAN KODAK SINCE 1985),,JAPAN,3.5 Inch Floppy Disks,2/26/1988,3/9/88,4/11/88,4/20/88,2/6/89,2/10/89,3/23/89,3/29/89,3/8/1989,Universal News Service,Announcement of new JV with BASF to produce 3.5 inch micro floppy disks,B&F Microdisks,Bedford,MA,1989,230,1990,JEI,JV (50% with BASF - German firm),,,,,,,,,,,,,,,,,,,,,,,,,,,,,,,,,,,,,,,,,,,,,,,,,,,,,,,,,,,,,,,,,,,,,,,,,,,,,,,,,,,,,,,,,,,,,,,,,,,,,,,,,,,,,,,,,,,,,,,,,,,,,,,,,,,,,,,,,,,,,,,,,,,,,,,,,,,,,,,,,,,,,,,,,,,,,,,,,,,,,,,,,,,,,,,,,,,,,,,,,,,,,,,,,,,,,,,,,,,,,,,,,,,,,,
731389,A,"Hitachi Maxell, Ltd.",VERBATIM (SUBSIDIARY OF EASTMAN KODAK SINCE 1985),,JAPAN,3.5 Inch Floppy Disks,2/26/1988,3/9/88,4/11/88,4/20/88,2/6/89,2/10/89,3/23/89,3/29/89,9/14/1988,Business Wire,Announcement that Maxell has inaugurated production of 3.5. Inch floppy disks,Maxell Corp. of America,San Diego,CA,1988,202,1990,JEI,NP,,,,,,,,,,,,,,,,,,,,,,,,,,,,,,,,,,,,,,,,,,,,,,,,,,,,,,,,,,,,,,,,,,,,,,,,,,,,,,,,,,,,,,,,,,,,,,,,,,,,,,,,,,,,,,,,,,,,,,,,,,,,,,,,,,,,,,,,,,,,,,,,,,,,,,,,,,,,,,,,,,,,,,,,,,,,,,,,,,,,,,,,,,,,,,,,,,,,,,,,,,,,,,,,,,,,,,,,,,,,,,,,,,,,,,
731389,A,Sony Corp.,VERBATIM (SUBSIDIARY OF EASTMAN KODAK SINCE 1985),,JAPAN,3.5 Inch Floppy Disks,2/26/1988,3/9/88,4/11/88,4/20/88,2/6/89,2/10/89,3/23/89,3/29/89,4/5/1988,San Diego Union-Tribune,Announcement of production of 3.5. Inch floppy disks. NOTE that it is right after case was filed.,Sony Magnetic Products Inc. of America,Dothan,AL,1977,1300 (but not all in floppy disk production),1990,JEI,NP,,,,,,,,,,,,,,,,,,,,,,,,,,,,,,,,,,,,,,,,,,,,,,,,,,,,,,,,,,,,,,,,,,,,,,,,,,,,,,,,,,,,,,,,,,,,,,,,,,,,,,,,,,,,,,,,,,,,,,,,,,,,,,,,,,,,,,,,,,,,,,,,,,,,,,,,,,,,,,,,,,,,,,,,,,,,,,,,,,,,,,,,,,,,,,,,,,,,,,,,,,,,,,,,,,,,,,,,,,,,,,,,,,,,,,
731391,A,FAG Bearings,"TORRINGTON, SUBSID. OF INGERSOLL RAND",NYSE (IR),GERMANY,Antifriction Ball Bearings,3/31/1988,4/11/88,5/16/88,5/25/88,3/24/89,5/3/89,5/12/89,5/18/89,9/17/1990,PR Newswire,Announcement of acquisition of Barden Corporation located in Connecticutt,Barden Corporation,"Danbury, Bridgeport, Winsted",CT,1990,1700,1990,Lexis-Nexis: PR Newswire that announced acquistion,ACQ(100%),,,,,,,,,,,,,,,,,,,,,,,,,,,,,,,,,,,,,,,,,,,,,,,,,,,,,,,,,,,,,,,,,,,,,,,,,,,,,,,,,,,,,,,,,,,,,,,,,,,,,,,,,,,,,,,,,,,,,,,,,,,,,,,,,,,,,,,,,,,,,,,,,,,,,,,,,,,,,,,,,,,,,,,,,,,,,,,,,,,,,,,,,,,,,,,,,,,,,,,,,,,,,,,,,,,,,,,,,,,,,,,,,,,,,,
731391,A,INA Bearings,"TORRINGTON, SUBSID. OF INGERSOLL RAND",NYSE (IR),GERMANY,Antifriction Ball Bearings,3/31/1988,4/11/88,5/16/88,5/25/88,3/24/89,5/3/89,5/12/89,5/18/89,2/1/1988,"Columbia, SC, ""The State"" newspaper",Announcement of new plant in Spartanburg under name of Andrews Bearings in thrust ball and roller bearings,INA Bearing Company Inc./Andrews Bearing Co.,Cheraw/Chesterfield/Fort Mill/Spartanburg,SC,1969 for the first one,300,1995,SCInd/96-97,NP,,,,,,,,,,,,,,,,,,,,,,,,,,,,,,,,,,,,,,,,,,,,,,,,,,,,,,,,,,,,,,,,,,,,,,,,,,,,,,,,,,,,,,,,,,,,,,,,,,,,,,,,,,,,,,,,,,,,,,,,,,,,,,,,,,,,,,,,,,,,,,,,,,,,,,,,,,,,,,,,,,,,,,,,,,,,,,,,,,,,,,,,,,,,,,,,,,,,,,,,,,,,,,,,,,,,,,,,,,,,,,,,,,,,,,
731394,A,"Koyo Seiko Co., Ltd.","TORRINGTON, SUBSID. OF INGERSOLL RAND",NYSE (IR),JAPAN,Antifriction Ball Bearings,3/31/1988,4/11/88,5/16/88,5/25/88,3/24/89,5/3/89,5/12/89,5/18/89,3/11/1989,Japan Economic Journal,"Announcement that Koyo will expand production in its factory in Orangeburg SC from 300 to 400 employees in response to ""trade frictions""",American Koyo Bearing Manufacturing Corp. ,Orangeburg,SC,1975,400,1990,Lexis-Nexis: Announcement of expansion from 300 to 400 in 1989,NP,,,,,,,,,,,,,,,,,,,,,,,,,,,,,,,,,,,,,,,,,,,,,,,,,,,,,,,,,,,,,,,,,,,,,,,,,,,,,,,,,,,,,,,,,,,,,,,,,,,,,,,,,,,,,,,,,,,,,,,,,,,,,,,,,,,,,,,,,,,,,,,,,,,,,,,,,,,,,,,,,,,,,,,,,,,,,,,,,,,,,,,,,,,,,,,,,,,,,,,,,,,,,,,,,,,,,,,,,,,,,,,,,,,,,,
731394,A,Minebea Co. Ltd.,"TORRINGTON, SUBSID. OF INGERSOLL RAND",NYSE (IR),JAPAN,Antifriction Ball Bearings,3/31/1988,4/11/88,5/16/88,5/25/88,3/24/89,5/3/89,5/12/89,5/18/89,4/5/1989,Jiji Press Ticker Service  ,Announcement that Minebea would produce all the bearings subject to U.S. AD orders in U.S. plants beginning as soon as possible,New Hampshire Ball Bearings,"Chatsworth, Laconia, Peterborough","CA,NH,NH",1971/1985/1985,251/508/648,1990,JEI,ACQ (100%),,,,,,,,,,,,,,,,,,,,,,,,,,,,,,,,,,,,,,,,,,,,,,,,,,,,,,,,,,,,,,,,,,,,,,,,,,,,,,,,,,,,,,,,,,,,,,,,,,,,,,,,,,,,,,,,,,,,,,,,,,,,,,,,,,,,,,,,,,,,,,,,,,,,,,,,,,,,,,,,,,,,,,,,,,,,,,,,,,,,,,,,,,,,,,,,,,,,,,,,,,,,,,,,,,,,,,,,,,,,,,,,,,,,,,
731426,A,"Kyushu Matsushita Electric Co., Ltd.","AT&T, COMDIAL CORP.","NYSE (T), NASDAQ (CMDL)",JAPAN,Small Business Telephones,12/30/1988,1/6/89,1/13/89,2/23/89,10/10/89,10/17/89,12/1/89,,7/3/1989,Jiji Press Ltd.,Also noted that NEC had already started production and Iwatsu has disclosed U.S. Production plan,Matsushita Communication Industrial Corp. of America,Peachtree,GA,1987,800,1990,JEI,NP,,,,,,,,,,,,,,,,,,,,,,,,,,,,,,,,,,,,,,,,,,,,,,,,,,,,,,,,,,,,,,,,,,,,,,,,,,,,,,,,,,,,,,,,,,,,,,,,,,,,,,,,,,,,,,,,,,,,,,,,,,,,,,,,,,,,,,,,,,,,,,,,,,,,,,,,,,,,,,,,,,,,,,,,,,,,,,,,,,,,,,,,,,,,,,,,,,,,,,,,,,,,,,,,,,,,,,,,,,,,,,,,,,,,,,
731426,A,"Matsushita Communication Industrial Co.,","AT&T, COMDIAL CORP.","NYSE (T), NASDAQ (CMDL)",JAPAN,Small Business Telephones,12/30/1988,1/6/89,1/13/89,2/23/89,10/10/89,10/17/89,12/1/89,,7/3/1989,Jiji Press Ltd.,Also noted that NEC had already started production and Iwatsu has disclosed U.S. Production plan,Matsushita Communication Industrial Corp. of America,Peachtree,GA,1987,800,1990,JEI,NP,,,,,,,,,,,,,,,,,,,,,,,,,,,,,,,,,,,,,,,,,,,,,,,,,,,,,,,,,,,,,,,,,,,,,,,,,,,,,,,,,,,,,,,,,,,,,,,,,,,,,,,,,,,,,,,,,,,,,,,,,,,,,,,,,,,,,,,,,,,,,,,,,,,,,,,,,,,,,,,,,,,,,,,,,,,,,,,,,,,,,,,,,,,,,,,,,,,,,,,,,,,,,,,,,,,,,,,,,,,,,,,,,,,,,,
731426,A,"Matsushita Electric Industrial Co., Ltd.","AT&T, COMDIAL CORP.","NYSE (T), NASDAQ (CMDL)",JAPAN,Small Business Telephones,12/30/1988,1/6/89,1/13/89,2/23/89,10/10/89,10/17/89,12/1/89,,7/3/1989,Jiji Press Ltd.,Also noted that NEC had already started production and Iwatsu has disclosed U.S. Production plan,Matsushita Communication Industrial Corp. of America,Peachtree,GA,1987,800,1990,JEI,NP,,,,,,,,,,,,,,,,,,,,,,,,,,,,,,,,,,,,,,,,,,,,,,,,,,,,,,,,,,,,,,,,,,,,,,,,,,,,,,,,,,,,,,,,,,,,,,,,,,,,,,,,,,,,,,,,,,,,,,,,,,,,,,,,,,,,,,,,,,,,,,,,,,,,,,,,,,,,,,,,,,,,,,,,,,,,,,,,,,,,,,,,,,,,,,,,,,,,,,,,,,,,,,,,,,,,,,,,,,,,,,,,,,,,,,
731426,A,Tokyo Shibaura Corp. (TOSHIBA),"AT&T, COMDIAL CORP.","NYSE (T), NASDAQ (CMDL)",JAPAN,Small Business Telephones,12/30/1988,1/6/89,1/13/89,2/23/89,10/10/89,10/17/89,12/1/89,,7/24/89,Business Wire,Announcement that Toshiba will start to manufacture all the products in the U.S. that it sells in the U.S.,Toshiba America Information Systems Inc.,Irvine,CA,1987,300,1990,JEI,NP,,,,,,,,,,,,,,,,,,,,,,,,,,,,,,,,,,,,,,,,,,,,,,,,,,,,,,,,,,,,,,,,,,,,,,,,,,,,,,,,,,,,,,,,,,,,,,,,,,,,,,,,,,,,,,,,,,,,,,,,,,,,,,,,,,,,,,,,,,,,,,,,,,,,,,,,,,,,,,,,,,,,,,,,,,,,,,,,,,,,,,,,,,,,,,,,,,,,,,,,,,,,,,,,,,,,,,,,,,,,,,,,,,,,,,
731429,A,Hitachi Zosen Corp.,"VERSON DIV. OF ALLIED PRODUCTS CORP, UAW, UNITED STEELWORKERS",NYSE (ADP),JAPAN,Mechanical Transfer Presses,1/12/1989,1/25/89,2/20/89,5/8/89,12/22/89,1/4/90,2/12/90,2/22/90,7/28/86 | 10/1/92,Jiji Press Ticker Service  ,"1) Announcement of acquisition of Clearing Inc from Hansen Trust PLC of Britain, 2) Announcement of leavign the U.S due to slumping car demand",Hitachi Zosen Clearing Inc.,"Warren, Houston","IL,MI,TX",1986,650,1990,JEI,ACQ (100%),,,,,,,,,,,,,,,,,,,,,,,,,,,,,,,,,,,,,,,,,,,,,,,,,,,,,,,,,,,,,,,,,,,,,,,,,,,,,,,,,,,,,,,,,,,,,,,,,,,,,,,,,,,,,,,,,,,,,,,,,,,,,,,,,,,,,,,,,,,,,,,,,,,,,,,,,,,,,,,,,,,,,,,,,,,,,,,,,,,,,,,,,,,,,,,,,,,,,,,,,,,,,,,,,,,,,,,,,,,,,,,,,,,,,,
731458,A,Toray Industries Inc.,"DUPONT DE NEMOURS & CO., HOECHST CELANESE CORP., ICI AMERICAS INC.", ,JAPAN,Polyethylene Teraphthalate (PET) Film,4/27/1990,5/7/90,6/1/90,6/20/90,4/15/91,5/1/91,5/30/91,6/5/91,9/24/1991,Jiji Press Ticker Service  ,Announcement of new joint venture with Du Pont to make PET film,Teijin Du Pont Films,Circleville,OH,1992,300,1991,Lexis-Nexis: Jiji Press ticker Service 9/24/91,JV (50%),,,,,,,,,,,,,,,,,,,,,,,,,,,,,,,,,,,,,,,,,,,,,,,,,,,,,,,,,,,,,,,,,,,,,,,,,,,,,,,,,,,,,,,,,,,,,,,,,,,,,,,,,,,,,,,,,,,,,,,,,,,,,,,,,,,,,,,,,,,,,,,,,,,,,,,,,,,,,,,,,,,,,,,,,,,,,,,,,,,,,,,,,,,,,,,,,,,,,,,,,,,,,,,,,,,,,,,,,,,,,,,,,,,,,,
731490,N,MD Papier,"AMERICAN PAPER INSTITUTE TO SAFEGAURD THE U.S.COATED GROUNDWOOD PAPER INDUSTRY - BLANDIN PAPER CO. (GRAND RAPIDS, MN), BOISE CASCADE CORP. (RUMFORD,ME), BOWATER INC. (CATAWABA,SC), CHAMPION INTERNATIONAL CORP., CONSOLIDATED PAPERS INC. INTERNATIONAL PAPER CO., JAMES RIVER CORP. (ST. FRANCISVILLE,LA), NIAGARA PAPER CO. (NIAGARA,WI)","Can't Find, NYSE(BCC), NYSE (BOW), NYSE (CHA), NYSE (CDP), NYSE (IP), Can't Find, Can't Find",GERMANY,Coated Groundwood Paper,12/28/1990,1/4/91,2/11/91,2/21/91,10/28/91,11/4/91,12/12/91,12/18/91,5/3/89,Business Wire,Lexis-Nexis:Announcement of feasibility study of JV with Great Norther Nekoosa to make a coated paper mill,,Millinocket,ME,,,,,,,,,,,,,,,,,,,,,,,,,,,,,,,,,,,,,,,,,,,,,,,,,,,,,,,,,,,,,,,,,,,,,,,,,,,,,,,,,,,,,,,,,,,,,,,,,,,,,,,,,,,,,,,,,,,,,,,,,,,,,,,,,,,,,,,,,,,,,,,,,,,,,,,,,,,,,,,,,,,,,,,,,,,,,,,,,,,,,,,,,,,,,,,,,,,,,,,,,,,,,,,,,,,,,,,,,,,,,,,,,,,,,,,,,,,
731522,N,Toyota Motor Corp.,"GENERAL MOTORS, FORD MOTOR CO., CHRYSLER MOTOR CORP",,JAPAN,Minivans,5/31/1991,6/10/1991,7/15/1991,7/31/1991,5/18/1992,5/26/1992,7/9/1992,7/15/1992,9/20/1996,The Detroit News,"Lexis-Nexis; Announcement that Toyota begins production of new minivan - Sienna at Georgetown, KY plant",Toyota Motor Manufacturing Kentucky (TMMK),Georgetown ,KY,1997,,,Lexis-Nexis,NP,"Second announcement 11/24/99 to build plant for production of Sienna minivans in Gibson County, IN beginning in 2002 - Lexis-Nexis, Indianapolis Star",,,,,,,,,,,,,,,,,,,,,,,,,,,,,,,,,,,,,,,,,,,,,,,,,,,,,,,,,,,,,,,,,,,,,,,,,,,,,,,,,,,,,,,,,,,,,,,,,,,,,,,,,,,,,,,,,,,,,,,,,,,,,,,,,,,,,,,,,,,,,,,,,,,,,,,,,,,,,,,,,,,,,,,,,,,,,,,,,,,,,,,,,,,,,,,,,,,,,,,,,,,,,,,,,,,,,,,,,,,,,,,,,,,,,
731556,A,Hyundai Electronics Co. Ltd. And Hyundai Electronics America,MICRON TECHNOLOGY (ID),NYSE (MU),KOREA,DRAMS,4/22/1992,4/29/1992,6/8/1992,6/17/1992,3/15/1993,3/23/1993,??,5/12/1993,5/22/1995,Business Wire,"Lexis-Nexis: Announcement of new plant in Eugene, OR to manufacture 16 and 64 megbit DRAMS",Hyundai Semiconductor America,Eugene,OR,1997,1300,2000,Register Guard,NP,,,,,,,,,,,,,,,,,,,,,,,,,,,,,,,,,,,,,,,,,,,,,,,,,,,,,,,,,,,,,,,,,,,,,,,,,,,,,,,,,,,,,,,,,,,,,,,,,,,,,,,,,,,,,,,,,,,,,,,,,,,,,,,,,,,,,,,,,,,,,,,,,,,,,,,,,,,,,,,,,,,,,,,,,,,,,,,,,,,,,,,,,,,,,,,,,,,,,,,,,,,,,,,,,,,,,,,,,,,,,,,,,,,,,,
731556,A,Samsung Electronics Co. Ltd. And Samsung Semiconductor Inc.,MICRON TECHNOLOGY (ID),NYSE (MU),KOREA,DRAMS,4/22/1992,4/29/1992,6/8/1992,6/17/1992,3/15/1993,3/23/1993,??,5/12/1993,1/8/1995,Japan Economic Newswire,Lexis-Nexis: Announcement of new plant in U.S. as early as 1996 to manufacture 16 and 64 megbit DRAMS,Samsung Electronics,Austin,TX,1997,over1000,1996,Lexis-Nexis announcement of plant from Houston Chronicle 3/26/96,NP,,,,,,,,,,,,,,,,,,,,,,,,,,,,,,,,,,,,,,,,,,,,,,,,,,,,,,,,,,,,,,,,,,,,,,,,,,,,,,,,,,,,,,,,,,,,,,,,,,,,,,,,,,,,,,,,,,,,,,,,,,,,,,,,,,,,,,,,,,,,,,,,,,,,,,,,,,,,,,,,,,,,,,,,,,,,,,,,,,,,,,,,,,,,,,,,,,,,,,,,,,,,,,,,,,,,,,,,,,,,,,,,,,,,,,
731556,A,Goldstar Electron Co. Ltd. And Goldstar Electron America ,MICRON TECHNOLOGY (ID),NYSE (MU),KOREA,DRAMS,4/22/1992,4/29/1992,6/8/1992,6/17/1992,3/15/1993,3/23/1993,??,5/12/1993,3/8/1995,Journal of Commerce,"Lexis-Nexis: Announcement that LG Semicon (Goldstar) exploring plans to produce in San Jose, but they so far have NOT ever located a plant in U.S. ",LG Semicon,San Jose ?,CA,,,,,,,,,,,,,,,,,,,,,,,,,,,,,,,,,,,,,,,,,,,,,,,,,,,,,,,,,,,,,,,,,,,,,,,,,,,,,,,,,,,,,,,,,,,,,,,,,,,,,,,,,,,,,,,,,,,,,,,,,,,,,,,,,,,,,,,,,,,,,,,,,,,,,,,,,,,,,,,,,,,,,,,,,,,,,,,,,,,,,,,,,,,,,,,,,,,,,,,,,,,,,,,,,,,,,,,,,,,,,,,,,,,,,,,,,,,
731557,N,Nippon Steel,"STEELTON RAIL PROD. & PIPE DIV., BETHLEHEM STEEL CORP. (STEELTON,PA), CF & I STEEL CORP. (PUEBLO,CO)",NYSE (BS),JAPAN,Steel Rails,5/11/92??,5/8/1992,6/15/1992,6/23/1992,2/10/1993,2/19/1993,3/30/1993,4/7/1993,7/13/1994,PR Newswire,"Lexis-Nexis: Announcement of Nippon Steel taking a 10% equity stake in CF&I to ""deflect US antidumping charges""",New CF&I,Pueblo,CO,1994,,,,ACQ(10%),,,,,,,,,,,,,,,,,,,,,,,,,,,,,,,,,,,,,,,,,,,,,,,,,,,,,,,,,,,,,,,,,,,,,,,,,,,,,,,,,,,,,,,,,,,,,,,,,,,,,,,,,,,,,,,,,,,,,,,,,,,,,,,,,,,,,,,,,,,,,,,,,,,,,,,,,,,,,,,,,,,,,,,,,,,,,,,,,,,,,,,,,,,,,,,,,,,,,,,,,,,,,,,,,,,,,,,,,,,,,,,,,,,,,,
731571,A,Makita Corp.,BLACK & DECKER,NYSE(BDK),JAPAN,Professional Electric Sanding/Grinding Tools,5/29/1992,6/5/92,7/13/92,7/22/1992,5/19/1993,5/26/93,7/7/93,7/14/93,7/7/1992,Japan Economic Newswire,Expansion of plant in Georgia in response to AD case,Makita Corp. of America,Buford,GA,1985,257,1990,JEI,NP,,,,,,,,,,,,,,,,,,,,,,,,,,,,,,,,,,,,,,,,,,,,,,,,,,,,,,,,,,,,,,,,,,,,,,,,,,,,,,,,,,,,,,,,,,,,,,,,,,,,,,,,,,,,,,,,,,,,,,,,,,,,,,,,,,,,,,,,,,,,,,,,,,,,,,,,,,,,,,,,,,,,,,,,,,,,,,,,,,,,,,,,,,,,,,,,,,,,,,,,,,,,,,,,,,,,,,,,,,,,,,,,,,,,,,
731575,A,IPSCO Inc.,"ARMCO STEEL CO. L.P., BETHLEHEM STEEL CORP., GENEVA STEEL, GULF STATES STEEL INC OF ALABAMA, INLAND STEEL INDUSTRIES INC, LACLEDE STEEL CO., LTV STEEL CO. INC., LUKENS STEEL CO., NATIONAL STEEL CORP., SHARON STEEL CORP., USX CORP., U.S. STEEL GROUP, WCI STEEL INC.",NYSE (AS); NYSE (BS);NYSE (GNV) - but then went private in late 1990s?;NL; NYSE (IAD); NMS(LCLD); NL; NYSE (LUC); NYSE (NS); sub. Of Mueller Industries - NYSE (MLI); NYSE (X) but big change in 1995 and then NYSE (MRO); NL,CANADA,Cut-To-Length Carbon Steel Plate,6/30/1992,7/8/92,8/14/92,8/21/1992,6/21/1993,7/9/93,8/11/93,8/18/93,9/21/93 | 5/27/98 | 9/2/98,Business Wire | Business Wire | Canada Newswire,Announcement 1 is of intention to build steel plate minimill in U.S. Announcement 2 is of plans to build a second U.S. minimill to produce steel plate.  Announcement 2 is of a joint venture with another Candian company to produce cut hot-rolled coils,IPSCO Steel Inc. | IPSCO Steel (Alabama) Inc.  | Nova-Cal Steel,Montpelier | Mobile County | Philadelphia,IA | AL | PA,1996 | 2000 (?) | 2000 (?),,,,"NP | NP | JV (with NovAmerican Steel of Dorval, Quebec)",,,,,,,,,,,,,,,,,,,,,,,,,,,,,,,,,,,,,,,,,,,,,,,,,,,,,,,,,,,,,,,,,,,,,,,,,,,,,,,,,,,,,,,,,,,,,,,,,,,,,,,,,,,,,,,,,,,,,,,,,,,,,,,,,,,,,,,,,,,,,,,,,,,,,,,,,,,,,,,,,,,,,,,,,,,,,,,,,,,,,,,,,,,,,,,,,,,,,,,,,,,,,,,,,,,,,,,,,,,,,,,,,,,,,,
731587,A,British Steel Corp.,"ARMCO STEEL CO. L.P., BETHLEHEM STEEL CORP., GENEVA STEEL, GULF STATES STEEL INC OF ALABAMA, INLAND STEEL INDUSTRIES INC, LACLEDE STEEL CO., LTV STEEL CO. INC., LUKENS STEEL CO., NATIONAL STEEL CORP., SHARON STEEL CORP., USX CORP., U.S. STEEL GROUP, WCI STEEL INC.",NYSE (AS); NYSE (BS);NYSE (GNV) - but then went private in late 1990s?;NL; NYSE (IAD); NMS(LCLD); NL; NYSE (LUC); NYSE (NS); sub. Of Mueller Industries - NYSE (MLI); NYSE (X) but big change in 1995 and then NYSE (MRO); NL,UK,Cut-To-Length Carbon Steel Plate,6/30/1992,7/8/92,8/14/92,8/21/1992,6/21/1993,7/9/93,8/11/93,8/18/93,10/13/1994,AFX News,Announcement of British Steel investment into tuscaloosa Steel Corp which makes steel plate,Tuscaloosa Steel Corporation,Tuscaloosa,AL,1994,400,1999,Webpage: http://www.hoogovens.nl/introflash.html,ACQ,,,,,,,,,,,,,,,,,,,,,,,,,,,,,,,,,,,,,,,,,,,,,,,,,,,,,,,,,,,,,,,,,,,,,,,,,,,,,,,,,,,,,,,,,,,,,,,,,,,,,,,,,,,,,,,,,,,,,,,,,,,,,,,,,,,,,,,,,,,,,,,,,,,,,,,,,,,,,,,,,,,,,,,,,,,,,,,,,,,,,,,,,,,,,,,,,,,,,,,,,,,,,,,,,,,,,,,,,,,,,,,,,,,,,,
731590,N,Dofasco Inc.,"ARMCO STEEL CO. L.P., BETHLEHEM STEEL CORP., GENEVA STEEL, GULF STATES STEEL INC OF ALABAMA, INLAND STEEL INDUSTRIES INC, LACLEDE STEEL CO., LTV STEEL CO. INC., LUKENS STEEL CO., NATIONAL STEEL CORP., SHARON STEEL CORP., USX CORP., U.S. STEEL GROUP, WCI STEEL INC.",NYSE (AS); NYSE (BS);NYSE (GNV) - but then went private in late 1990s?;NL; NYSE (IAD); NMS(LCLD); NL; NYSE (LUC); NYSE (NS); sub. Of Mueller Industries - NYSE (MLI); NYSE (X) but big change in 1995 and then NYSE (MRO); NL,CANADA,Hot-Rolled Carbon Steel Sheet ,6/30/1992,7/8/92,8/14/92,8/21/1992,6/21/1993,7/9/93,8/11/93,8/18/93,11/21/92 | 3/11/1993,Canada Newswire,"Announcement 1 is that Dofasco ""ponders"" minimill steel production in U.S. and evaluating sites.  Announcement 2 is of JV with Co-steel for a new minimill to make hot-rolled steel in one of the sites Dofasco was earlier ""pondering"".",Gallatin Steel Co.,Dover,KY,1995,345,1998,Lexis-Nexis: Canadian Press Newswire article - 4/24/98,JV (With Co-Steel),,,,,,,,,,,,,,,,,,,,,,,,,,,,,,,,,,,,,,,,,,,,,,,,,,,,,,,,,,,,,,,,,,,,,,,,,,,,,,,,,,,,,,,,,,,,,,,,,,,,,,,,,,,,,,,,,,,,,,,,,,,,,,,,,,,,,,,,,,,,,,,,,,,,,,,,,,,,,,,,,,,,,,,,,,,,,,,,,,,,,,,,,,,,,,,,,,,,,,,,,,,,,,,,,,,,,,,,,,,,,,,,,,,,,,
731594,N,Sumitomo Steel,"ARMCO STEEL CO. L.P., BETHLEHEM STEEL CORP., GENEVA STEEL, GULF STATES STEEL INC OF ALABAMA, INLAND STEEL INDUSTRIES INC, LACLEDE STEEL CO., LTV STEEL CO. INC., LUKENS STEEL CO., NATIONAL STEEL CORP., SHARON STEEL CORP., USX CORP., U.S. STEEL GROUP, WCI STEEL INC.",NYSE (AS); NYSE (BS);NYSE (GNV) - but then went private in late 1990s?;NL; NYSE (IAD); NMS(LCLD); NL; NYSE (LUC); NYSE (NS); sub. Of Mueller Industries - NYSE (MLI); NYSE (X) but big change in 1995 and then NYSE (MRO); NL,JAPAN,Hot-Rolled Carbon Steel Sheet ,6/30/1992,7/8/92,8/14/92,8/21/1992,6/21/1993,7/9/93,8/11/93,8/18/93,12/19/1994,PR Newswire,"Announcement of JV between Sumitomo, British Steel and LTV Steel to build cold-rolled and hot-rolled steel plant ",Trico Steel Company,Decatur ,AL,1995,300,1999,Lexis-Nexis article from Crain's Cleveland Business,JV,,,,,,,,,,,,,,,,,,,,,,,,,,,,,,,,,,,,,,,,,,,,,,,,,,,,,,,,,,,,,,,,,,,,,,,,,,,,,,,,,,,,,,,,,,,,,,,,,,,,,,,,,,,,,,,,,,,,,,,,,,,,,,,,,,,,,,,,,,,,,,,,,,,,,,,,,,,,,,,,,,,,,,,,,,,,,,,,,,,,,,,,,,,,,,,,,,,,,,,,,,,,,,,,,,,,,,,,,,,,,,,,,,,,,,
731606,N,Sumitomo Steel,"ARMCO STEEL CO. L.P., BETHLEHEM STEEL CORP., GENEVA STEEL, GULF STATES STEEL INC OF ALABAMA, INLAND STEEL INDUSTRIES INC, LACLEDE STEEL CO., LTV STEEL CO. INC., LUKENS STEEL CO., NATIONAL STEEL CORP., SHARON STEEL CORP., USX CORP., U.S. STEEL GROUP, WCI STEEL INC.",NYSE (AS); NYSE (BS);NYSE (GNV) - but then went private in late 1990s?;NL; NYSE (IAD); NMS(LCLD); NL; NYSE (LUC); NYSE (NS); sub. Of Mueller Industries - NYSE (MLI); NYSE (X) but big change in 1995 and then NYSE (MRO); NL,JAPAN,Cold-Rolled Carbon Steel Sheet ,6/30/1992,7/8/92,8/14/92,8/21/1992,6/21/1993,7/9/93,8/11/93,8/18/93,12/19/1994,PR Newswire,"Announcement of JV between Sumitomo, British Steel and LTV Steel to build cold-rolled and hot-rolled steel plant ",Trico Steel Company,Decatur ,AL,1995,300,1999,Lexis-Nexis article from Crain's Cleveland Business,JV,,,,,,,,,,,,,,,,,,,,,,,,,,,,,,,,,,,,,,,,,,,,,,,,,,,,,,,,,,,,,,,,,,,,,,,,,,,,,,,,,,,,,,,,,,,,,,,,,,,,,,,,,,,,,,,,,,,,,,,,,,,,,,,,,,,,,,,,,,,,,,,,,,,,,,,,,,,,,,,,,,,,,,,,,,,,,,,,,,,,,,,,,,,,,,,,,,,,,,,,,,,,,,,,,,,,,,,,,,,,,,,,,,,,,,
731611,N,British Steel Corp.,"ARMCO STEEL CO. L.P., BETHLEHEM STEEL CORP., GENEVA STEEL, GULF STATES STEEL INC OF ALABAMA, INLAND STEEL INDUSTRIES INC, LACLEDE STEEL CO., LTV STEEL CO. INC., LUKENS STEEL CO., NATIONAL STEEL CORP., SHARON STEEL CORP., USX CORP., U.S. STEEL GROUP, WCI STEEL INC.",NYSE (AS); NYSE (BS);NYSE (GNV) - but then went private in late 1990s?;NL; NYSE (IAD); NMS(LCLD); NL; NYSE (LUC); NYSE (NS); sub. Of Mueller Industries - NYSE (MLI); NYSE (X) but big change in 1995 and then NYSE (MRO); NL,UK,Cold-Rolled Carbon Steel Sheet ,6/30/1992,7/8/92,8/14/92,8/21/1992,6/21/1993,7/9/93,8/11/93,8/18/93,12/19/1994,PR Newswire,"Announcement of JV between Sumitomo, British Steel and LTV Steel to build cold-rolled and hot-rolled steel plant ",Trico Steel Company,Decatur ,AL,1995,300,1999,Lexis-Nexis article from Crain's Cleveland Business,JV,,,,,,,,,,,,,,,,,,,,,,,,,,,,,,,,,,,,,,,,,,,,,,,,,,,,,,,,,,,,,,,,,,,,,,,,,,,,,,,,,,,,,,,,,,,,,,,,,,,,,,,,,,,,,,,,,,,,,,,,,,,,,,,,,,,,,,,,,,,,,,,,,,,,,,,,,,,,,,,,,,,,,,,,,,,,,,,,,,,,,,,,,,,,,,,,,,,,,,,,,,,,,,,,,,,,,,,,,,,,,,,,,,,,,,
731612,A,Broken Hill Proprietary Ltd. ,"ARMCO STEEL CO. L.P., BETHLEHEM STEEL CORP., GENEVA STEEL, GULF STATES STEEL INC OF ALABAMA, INLAND STEEL INDUSTRIES INC, LACLEDE STEEL CO., LTV STEEL CO. INC., LUKENS STEEL CO., NATIONAL STEEL CORP., SHARON STEEL CORP., USX CORP., U.S. STEEL GROUP, WCI STEEL INC.",NYSE (AS); NYSE (BS);NYSE (GNV) - but then went private in late 1990s?;NL; NYSE (IAD); NMS(LCLD); NL; NYSE (LUC); NYSE (NS); sub. Of Mueller Industries - NYSE (MLI); NYSE (X) but big change in 1995 and then NYSE (MRO); NL,AUSTRALIA,Corrosion-resistant carbon steel sheet,6/30/1993,7/8/92,8/14/92,8/21/1992,6/21/1993,7/9/93,8/11/93,8/18/93,11/12/94 | 4/4/95 ,Financial Times (London),"Announcement 1 is of JV with North Star Steel to build and operate a new steel mini-mill.  Announcement 2 iof new capital expenditures for a cold-rolling, metallic coating plant in Pacific Northwest",North Star BHP Steel | BHP Coated Steel Corp.,Delta | Kalima,OH | WA,1996,,,,JV/NP,,,,,,,,,,,,,,,,,,,,,,,,,,,,,,,,,,,,,,,,,,,,,,,,,,,,,,,,,,,,,,,,,,,,,,,,,,,,,,,,,,,,,,,,,,,,,,,,,,,,,,,,,,,,,,,,,,,,,,,,,,,,,,,,,,,,,,,,,,,,,,,,,,,,,,,,,,,,,,,,,,,,,,,,,,,,,,,,,,,,,,,,,,,,,,,,,,,,,,,,,,,,,,,,,,,,,,,,,,,,,,,,,,,,,,
731622,N,Tokyo Ohka Kogyo,"DUPONT DE MENOURS (DE), MORTON INTERNATIONAL INC. (CA), HERCULES INC. (DE)", ,JAPAN,Dry Film Photoresist,7/16/1992,7/23/92,8/31/92,9/8/1992,3/8/1993,3/15/93,4/29/93,5/5/93,1/12/1996,Japan Economic Newswire,Announcement of new dry film photoresist plant in Oregon,Ohka America,,OR,1997,20,1997,Lexis-Nexis: Japan Chemical Week article  6/5/97,NP,,,,,,,,,,,,,,,,,,,,,,,,,,,,,,,,,,,,,,,,,,,,,,,,,,,,,,,,,,,,,,,,,,,,,,,,,,,,,,,,,,,,,,,,,,,,,,,,,,,,,,,,,,,,,,,,,,,,,,,,,,,,,,,,,,,,,,,,,,,,,,,,,,,,,,,,,,,,,,,,,,,,,,,,,,,,,,,,,,,,,,,,,,,,,,,,,,,,,,,,,,,,,,,,,,,,,,,,,,,,,,,,,,,,,,
731647,T,Ivaco Inc.,"CONNECTICUT STEEL CORP. (WALLINGFORD,CT), GEORGETOWN STEEL CORP, (GEORGETOWN,SC), NORTH STAR STEEL TEXAS INC. (BEAUMONT,TX), RARITAN RIVER STEEL CO. (PERTH AMBOY,NJ), KEYSTONE STEEL & WIRE CORP. (PEORIA,IL)", ,CANADA,Carbon Steel Wire Rod,4/23/1993,4/30/93,6/7/93,6/16/1993,???,TERM: 5/4/94,,,1/21/1997,Business Wire,"Announcement of $13 million expansion of wire plants - particularly in Newnan, GA", ,Newnan,GA,1997,,,,,,,,,,,,,,,,,,,,,,,,,,,,,,,,,,,,,,,,,,,,,,,,,,,,,,,,,,,,,,,,,,,,,,,,,,,,,,,,,,,,,,,,,,,,,,,,,,,,,,,,,,,,,,,,,,,,,,,,,,,,,,,,,,,,,,,,,,,,,,,,,,,,,,,,,,,,,,,,,,,,,,,,,,,,,,,,,,,,,,,,,,,,,,,,,,,,,,,,,,,,,,,,,,,,,,,,,,,,,,,,,,,,,,,,,,
731661,S,Fuji Photo Film,EASTMAN KODAK,NYSE(EK),JAPAN/NETHERLANDS,Photo Paper and Chemicals,8/31/1993,9/9/93,10/15/93,10/27/93,8/19/94,SUSP: 8/24/94,,,2/4/1994,PR Newswire,Announcement of new plant in South Carolina,Fuli Photo Film ,Greenwood ,SC,1995,100,1997,S.C. Industrial Directory,,,,,,,,,,,,,,,,,,,,,,,,,,,,,,,,,,,,,,,,,,,,,,,,,,,,,,,,,,,,,,,,,,,,,,,,,,,,,,,,,,,,,,,,,,,,,,,,,,,,,,,,,,,,,,,,,,,,,,,,,,,,,,,,,,,,,,,,,,,,,,,,,,,,,,,,,,,,,,,,,,,,,,,,,,,,,,,,,,,,,,,,,,,,,,,,,,,,,,,,,,,,,,,,,,,,,,,,,,,,,,,,,,,,,,,
